ID,種類,地域,市区町村コード,都道府県名,市区町村名,地区名,最寄駅：名称,最寄駅：距離（分）,間取り,面積（㎡）,土地の形状,間口,延床面積（㎡）,建築年,建物の構造,用途,今後の利用目的,前面道路：方位,前面道路：種類,前面道路：幅員（ｍ）,都市計画,建ぺい率（％）,容積率（％）,取引時点,改装,取引の事情等,取引価格（総額）_log
41021091,中古マンション等,,41202,佐賀県,唐津市,西寺町,唐津,8,３ＬＤＫ,55,,,,平成3年,ＳＲＣ,住宅,住宅,,,,商業地域,80.0,400.0,2016年第4四半期,未改装,,6.9084850188786495
41018910,中古マンション等,,41201,佐賀県,佐賀市,開成,佐賀,29,２ＬＤＫ,50,,,,平成21年,ＲＣ,住宅,住宅,,,,第２種中高層住居専用地域,60.0,200.0,2016年第1四半期,,,7.176091259055681
41024243,中古マンション等,,41201,佐賀県,佐賀市,卸本町,佐賀,30分?60分,３ＬＤＫ,55,,,,平成19年,ＲＣ,住宅,,,,,準工業地域,60.0,200.0,2013年第3四半期,未改装,,6.977723605288848
41018651,中古マンション等,,41201,佐賀県,佐賀市,開成,佐賀,30分?60分,４ＬＤＫ,100,,,,平成13年,ＲＣ,住宅,,,,,第１種中高層住居専用地域,60.0,200.0,2012年第2四半期,未改装,,7.079181246047625
41003577,中古マンション等,,41201,佐賀県,佐賀市,兵庫北,佐賀,24,３ＬＤＫ,70,,,,平成20年,ＲＣ,住宅,その他,,,,第１種住居地域,60.0,200.0,2017年第1四半期,未改装,,7.146128035678238
41003379,中古マンション等,,41201,佐賀県,佐賀市,八幡小路,佐賀,16,４ＬＤＫ,95,,,,平成10年,ＲＣ,住宅,住宅,,,,第１種住居地域,60.0,200.0,2018年第3四半期,未改装,,7.204119982655925
41018581,中古マンション等,,41201,佐賀県,佐賀市,若宮,佐賀,25,４ＬＤＫ,90,,,,平成13年,ＲＣ,住宅,住宅,,,,第２種中高層住居専用地域,60.0,200.0,2015年第1四半期,未改装,,7.176091259055681
41000475,中古マンション等,,41201,佐賀県,佐賀市,栄町,佐賀,4,２ＤＫ,40,,,,平成2年,ＳＲＣ,住宅,,,,,商業地域,80.0,400.0,2010年第3四半期,未改装,,6.653212513775344
41000374,中古マンション等,,41201,佐賀県,佐賀市,新栄東,佐賀,30分?60分,３ＬＤＫ,70,,,,平成15年,ＲＣ,住宅,住宅,,,,準住居地域,60.0,200.0,2014年第4四半期,未改装,,7.041392685158225
41000100,中古マンション等,,41201,佐賀県,佐賀市,大財,佐賀,17,３ＬＤＫ,60,,,,平成3年,ＳＲＣ,住宅,,,,,商業地域,80.0,400.0,2010年第4四半期,未改装,,6.886490725172482
41026599,中古マンション等,,41201,佐賀県,佐賀市,鍋島,佐賀,30分?60分,３ＬＤＫ,70,,,,平成12年,ＲＣ,住宅,,,,,第２種住居地域,60.0,200.0,2009年第1四半期,,,7.113943352306837
41026551,中古マンション等,,41201,佐賀県,佐賀市,白山,佐賀,16,２ＤＫ,70,,,,平成10年,ＳＲＣ,住宅,,,,,商業地域,80.0,500.0,2009年第2四半期,未改装,,6.977723605288848
41001029,中古マンション等,,41201,佐賀県,佐賀市,神園,佐賀,19,３ＬＤＫ,70,,,,平成7年,ＲＣ,住宅,住宅,,,,第２種中高層住居専用地域,60.0,200.0,2019年第1四半期,未改装,,6.9344984512435675
41004372,中古マンション等,,41201,佐賀県,佐賀市,諸富町大字徳富,佐賀,1H30?2H,１Ｋ,15,,,,昭和48年,ＲＣ,住宅,住宅,,,,準工業地域,60.0,200.0,2017年第1四半期,,,6.748188027006201
41024453,中古マンション等,,41201,佐賀県,佐賀市,栄町,佐賀,4,２ＤＫ,40,,,,平成2年,ＳＲＣ,住宅,,,,,商業地域,80.0,400.0,2013年第2四半期,未改装,,6.740362689494244
41006152,中古マンション等,,41202,佐賀県,唐津市,新興町,唐津,5,４ＬＤＫ,90,,,,平成9年,ＲＣ,,住宅,,,,第１種住居地域,60.0,200.0,2018年第2四半期,未改装,,7.041392685158225
41000874,中古マンション等,,41201,佐賀県,佐賀市,卸本町,佐賀,30分?60分,,55,,,,平成19年,ＲＣ,住宅,住宅,,,,準工業地域,60.0,200.0,2017年第2四半期,未改装,,7.041392685158225
41028392,中古マンション等,,41201,佐賀県,佐賀市,鍋島,佐賀,30分?60分,４ＬＤＫ,80,,,,平成9年,ＲＣ,住宅,,,,,第２種住居地域,60.0,200.0,2007年第2四半期,改装済,,7.146128035678238
41018830,中古マンション等,,41201,佐賀県,佐賀市,駅前中央,佐賀,1,３ＬＤＫ,60,,,,平成17年,ＲＣ,住宅,住宅,,,,商業地域,80.0,500.0,2016年第3四半期,未改装,,7.176091259055681
41020922,中古マンション等,,41202,佐賀県,唐津市,東城内,唐津,16,３ＬＤＫ,85,,,,平成18年,ＲＣ,住宅,,,,,第１種低層住居専用地域,50.0,80.0,2012年第1四半期,改装済,,7.301029995663981
41006581,中古マンション等,,41202,佐賀県,唐津市,西城内,唐津,10,３ＬＤＫ,65,,,,平成3年,ＲＣ,住宅,住宅,,,,第１種住居地域,60.0,200.0,2020年第2四半期,改装済,,7.176091259055681
41002094,中古マンション等,,41201,佐賀県,佐賀市,神野東,佐賀,8,１ＤＫ,35,,,,昭和59年,鉄骨造,,住宅,,,,商業地域,80.0,400.0,2019年第2四半期,未改装,,6.544068044350276
41004132,中古マンション等,,41201,佐賀県,佐賀市,松原,佐賀,19,３ＬＤＫ,80,,,,平成17年,,住宅,住宅,,,,第１種住居地域,60.0,200.0,2018年第1四半期,未改装,,7.301029995663981
41024517,中古マンション等,,41201,佐賀県,佐賀市,田代,佐賀,30分?60分,３ＬＤＫ,75,,,,昭和64年,ＳＲＣ,住宅,,,,,近隣商業地域,80.0,200.0,2013年第1四半期,改装済,,6.778151250383644
41018794,中古マンション等,,41202,佐賀県,唐津市,紺屋町,唐津,1,３ＬＤＫ,70,,,,昭和63年,ＲＣ,住宅,住宅,,,,商業地域,80.0,400.0,2015年第2四半期,改装済,,7.113943352306837
41018610,中古マンション等,,41201,佐賀県,佐賀市,駅南本町,佐賀,6,３ＬＤＫ,75,,,,平成20年,ＳＲＣ,住宅,,,,,商業地域,80.0,400.0,2012年第4四半期,未改装,,7.278753600952829
41026412,中古マンション等,,41201,佐賀県,佐賀市,駅南本町,佐賀,7,４ＬＤＫ,85,,,,平成20年,ＳＲＣ,住宅,,,,,商業地域,80.0,400.0,2009年第2四半期,未改装,,7.447158031342219
41000053,中古マンション等,,41201,佐賀県,佐賀市,神園,佐賀,19,３ＬＤＫ,70,,,,平成7年,ＲＣ,住宅,住宅,,,,第２種中高層住居専用地域,60.0,200.0,2014年第3四半期,未改装,,7.041392685158225
41011121,中古マンション等,,41201,佐賀県,佐賀市,神野東,佐賀,9,３ＬＤＫ,70,,,,昭和60年,ＳＲＣ,住宅,,,,,商業地域,80.0,400.0,2011年第1四半期,未改装,,6.892094602690481
41019614,中古マンション等,,41201,佐賀県,佐賀市,唐人,佐賀,9,３ＬＤＫ,70,,,,平成20年,ＳＲＣ,住宅,,,,,商業地域,80.0,400.0,2016年第3四半期,未改装,,7.0
41009580,中古マンション等,,41201,佐賀県,佐賀市,駅前中央,佐賀,5,４ＬＤＫ,80,,,,平成7年,ＳＲＣ,住宅,,,,,商業地域,80.0,500.0,2011年第4四半期,未改装,,6.929418925714293
41028373,中古マンション等,,41201,佐賀県,佐賀市,天神,,,,60,,,,平成3年,ＳＲＣ,住宅,,,,,,,,2008年第4四半期,,,6.963787827345556
41003876,中古マンション等,,41201,佐賀県,佐賀市,堀川町,佐賀,24,３ＬＤＫ,65,,,,平成7年,ＳＲＣ,,,,,,商業地域,80.0,400.0,2021年第4四半期,未改装,,6.845098040014257
41013356,中古マンション等,,41201,佐賀県,佐賀市,本庄町,佐賀,30分?60分,,85,,,,平成9年,ＲＣ,住宅,,,,,第１種住居地域,60.0,200.0,2011年第3四半期,未改装,,7.146128035678238
41020019,中古マンション等,,41201,佐賀県,佐賀市,堀川町,佐賀,23,３ＬＤＫ,75,,,,平成24年,ＲＣ,住宅,住宅,,,,商業地域,80.0,400.0,2016年第4四半期,未改装,,7.230448921378274
41024745,中古マンション等,,41201,佐賀県,佐賀市,水ヶ江,佐賀,30分?60分,３ＬＤＫ,80,,,,平成19年,ＲＣ,住宅,,,,,近隣商業地域,80.0,200.0,2013年第2四半期,改装済,,7.230448921378274
41006583,中古マンション等,,41202,佐賀県,唐津市,西城内,唐津,11,３ＬＤＫ,80,,,,昭和64年,ＲＣ,,住宅,,,,第１種住居地域,60.0,200.0,2019年第3四半期,未改装,,7.041392685158225
41002307,中古マンション等,,41201,佐賀県,佐賀市,白山,佐賀,15,４ＬＤＫ,100,,,,平成12年,ＲＣ,住宅,住宅,,,,第１種住居地域,60.0,200.0,2017年第1四半期,未改装,,7.230448921378274
41000011,中古マンション等,,41201,佐賀県,佐賀市,駅前中央,佐賀,6,４ＬＤＫ,85,,,,平成16年,ＳＲＣ,住宅,住宅,,,,商業地域,80.0,400.0,2014年第3四半期,未改装,,7.3222192947339195
41000610,中古マンション等,,41201,佐賀県,佐賀市,唐人,佐賀,9,１Ｋ,25,,,,平成2年,ＲＣ,住宅,,,,,商業地域,80.0,400.0,2010年第4四半期,未改装,調停・競売等,6.3222192947339195
41015688,中古マンション等,,41202,佐賀県,唐津市,西城内,唐津,12,４ＬＤＫ,85,,,,平成17年,ＲＣ,住宅,,,,,第１種住居地域,60.0,200.0,2011年第2四半期,未改装,,7.278753600952829
41006069,中古マンション等,,41202,佐賀県,唐津市,栄町,唐津,11,３ＬＤＫ,80,,,,平成21年,ＲＣ,住宅,住宅,,,,商業地域,80.0,400.0,2019年第2四半期,未改装,,7.342422680822207
41026413,中古マンション等,,41201,佐賀県,佐賀市,駅南本町,佐賀,7,３ＬＤＫ,75,,,,平成20年,ＳＲＣ,住宅,,,,,商業地域,80.0,400.0,2009年第1四半期,未改装,,7.278753600952829
41002076,中古マンション等,,41201,佐賀県,佐賀市,神野東,佐賀,15,４ＬＤＫ,95,,,,平成14年,ＲＣ,住宅,住宅,,,,第１種住居地域,60.0,200.0,2021年第2四半期,未改装,,7.3222192947339195
41018396,中古マンション等,,41201,佐賀県,佐賀市,堀川町,佐賀,25,３ＬＤＫ,70,,,,平成3年,ＳＲＣ,住宅,住宅,,,,商業地域,80.0,400.0,2015年第2四半期,改装済,,6.959041392321094
41028970,中古マンション等,,41202,佐賀県,唐津市,松南町,,,,75,,,,平成4年,ＳＲＣ,住宅,,,,,,,,2008年第4四半期,,,7.230448921378274
41004109,中古マンション等,,41201,佐賀県,佐賀市,松原,佐賀,19,４ＬＤＫ,85,,,,,,住宅,住宅,,,,商業地域,80.0,400.0,2021年第1四半期,未改装,,7.230448921378274
41019295,中古マンション等,,41201,佐賀県,佐賀市,天神,佐賀,8,３ＬＤＫ,60,,,,平成3年,ＳＲＣ,住宅,,,,,商業地域,80.0,400.0,2012年第3四半期,未改装,,6.778151250383644
41020921,中古マンション等,,41202,佐賀県,唐津市,東城内,唐津,16,３ＬＤＫ,70,,,,平成18年,ＲＣ,住宅,,,,,第１種低層住居専用地域,50.0,80.0,2012年第2四半期,未改装,,7.146128035678238
41004173,中古マンション等,,41201,佐賀県,佐賀市,水ヶ江,佐賀,30分?60分,３ＬＤＫ,80,,,,平成18年,ＲＣ,,住宅,,,,近隣商業地域,80.0,200.0,2019年第4四半期,改装済,,7.301029995663981
41019420,中古マンション等,,41201,佐賀県,佐賀市,白山,佐賀,15,２ＬＤＫ,65,,,,昭和60年,ＳＲＣ,住宅,住宅,,,,商業地域,80.0,400.0,2016年第2四半期,改装済,,6.7558748556724915
41024241,中古マンション等,,41201,佐賀県,佐賀市,鬼丸町,佐賀,30分?60分,３ＬＤＫ,80,,,,平成18年,ＲＣ,住宅,,,,,第１種中高層住居専用地域,60.0,200.0,2013年第1四半期,未改装,,7.278753600952829
41018478,中古マンション等,,41201,佐賀県,佐賀市,諸富町大字徳富,佐賀,1H30?2H,１Ｋ,35,,,,平成24年,ＲＣ,住宅,,,,,準工業地域,60.0,200.0,2015年第1四半期,,,7.230448921378274
41006154,中古マンション等,,41202,佐賀県,唐津市,新興町,唐津,1,２ＬＤＫ,60,,,,平成16年,ＲＣ,住宅,住宅,,,,商業地域,80.0,400.0,2018年第1四半期,未改装,,7.146128035678238
41013475,中古マンション等,,41201,佐賀県,佐賀市,松原,佐賀,20,４ＬＤＫ,95,,,,平成13年,ＳＲＣ,住宅,,,,,商業地域,80.0,400.0,2011年第1四半期,未改装,調停・競売等,7.204119982655925
41003553,中古マンション等,,41201,佐賀県,佐賀市,兵庫北,佐賀,25,３ＬＤＫ,70,,,,平成25年,ＲＣ,,住宅,,,,第２種中高層住居専用地域,60.0,200.0,2019年第4四半期,未改装,,7.301029995663981
41003187,中古マンション等,,41201,佐賀県,佐賀市,西田代,佐賀,28,２ＤＫ,40,,,,昭和59年,ＲＣ,住宅,住宅,,,,第１種住居地域,60.0,200.0,2019年第2四半期,未改装,,6.7923916894982534
41004451,中古マンション等,,41201,佐賀県,佐賀市,八戸溝,鍋島,11,３ＬＤＫ,90,,,,平成12年,ＲＣ,,その他,,,,第２種中高層住居専用地域,60.0,200.0,2018年第4四半期,未改装,,7.079181246047625
41024249,中古マンション等,,41201,佐賀県,佐賀市,卸本町,佐賀,30分?60分,４ＬＤＫ,90,,,,平成15年,ＲＣ,住宅,,,,,準工業地域,60.0,200.0,2013年第1四半期,未改装,,7.278753600952829
41028313,中古マンション等,,41201,佐賀県,佐賀市,新中町,佐賀,16,３ＬＤＫ,65,,,,平成19年,ＲＣ,住宅,,,,,第２種住居地域,60.0,200.0,2007年第4四半期,未改装,,7.301029995663981
41003555,中古マンション等,,41201,佐賀県,佐賀市,兵庫北,佐賀,25,４ＬＤＫ,95,,,,平成25年,ＲＣ,住宅,住宅,,,,第２種中高層住居専用地域,60.0,200.0,2019年第3四半期,未改装,,7.431363764158987
41028370,中古マンション等,,41201,佐賀県,佐賀市,天神,佐賀,7,４ＬＤＫ,75,,,,平成3年,ＳＲＣ,住宅,,,,,商業地域,80.0,400.0,2008年第3四半期,未改装,調停・競売等,7.0
41000300,中古マンション等,,41201,佐賀県,佐賀市,神野東,佐賀,6,３ＬＤＫ,65,,,,昭和58年,ＳＲＣ,住宅,,,,,商業地域,80.0,400.0,2014年第1四半期,未改装,,6.778151250383644
41019055,中古マンション等,,41201,佐賀県,佐賀市,神野東,佐賀,8,４ＬＤＫ,85,,,,平成13年,ＲＣ,住宅,,,,,第２種住居地域,60.0,200.0,2012年第3四半期,未改装,,7.204119982655925
41002638,中古マンション等,,41201,佐賀県,佐賀市,田代,佐賀,30分?60分,３ＬＤＫ,70,,,,昭和64年,ＳＲＣ,住宅,住宅,,,,近隣商業地域,80.0,200.0,2020年第2四半期,,,7.041392685158225
41020543,中古マンション等,,41202,佐賀県,唐津市,栄町,唐津,13,４ＬＤＫ,85,,,,平成7年,ＲＣ,住宅,,,,,商業地域,80.0,400.0,2012年第3四半期,改装済,,7.041392685158225
41006145,中古マンション等,,41202,佐賀県,唐津市,新興町,唐津,1,３ＬＤＫ,75,,,,平成28年,ＲＣ,住宅,住宅,,,,商業地域,80.0,400.0,2019年第4四半期,未改装,,7.414973347970818
41003892,中古マンション等,,41201,佐賀県,佐賀市,堀川町,佐賀,25,２ＤＫ,65,,,,平成7年,ＳＲＣ,住宅,その他,,,,商業地域,80.0,400.0,2017年第1四半期,未改装,,5.698970004336019
41028093,中古マンション等,,41201,佐賀県,佐賀市,大財,佐賀,10,１ＤＫ,20,,,,昭和62年,ＲＣ,住宅,,,,,商業地域,80.0,400.0,2008年第3四半期,未改装,,6.113943352306837
41029110,中古マンション等,,41202,佐賀県,唐津市,西城内,唐津,9,２ＬＤＫ,55,,,,戦前,ＲＣ,住宅,,,,,第１種住居地域,60.0,200.0,2008年第2四半期,未改装,,7.146128035678238
41002287,中古マンション等,,41201,佐賀県,佐賀市,白山,佐賀,15,オープンフロア,30,,,,昭和59年,ＳＲＣ,店舗,店舗,,,,商業地域,80.0,400.0,2021年第2四半期,未改装,,6.301029995663981
41000725,中古マンション等,,41201,佐賀県,佐賀市,駅前中央,佐賀,2,４ＬＤＫ,85,,,,平成17年,ＲＣ,住宅,住宅,,,,商業地域,80.0,500.0,2018年第1四半期,未改装,,7.361727836017593
41000733,中古マンション等,,41201,佐賀県,佐賀市,駅南本町,佐賀,5,３ＬＤＫ,105,,,,平成15年,ＳＲＣ,,住宅,,,,商業地域,80.0,500.0,2021年第3四半期,,,7.3222192947339195
41000758,中古マンション等,,41201,佐賀県,佐賀市,大財,佐賀,16,３ＬＤＫ,60,,,,平成3年,ＳＲＣ,,住宅,,,,商業地域,80.0,400.0,2022年第1四半期,未改装,,6.944482672150168
41004170,中古マンション等,,41201,佐賀県,佐賀市,水ヶ江,佐賀,26,４ＬＤＫ,85,,,,平成19年,ＲＣ,住宅,住宅,,,,商業地域,80.0,400.0,2020年第1四半期,未改装,,7.2552725051033065
41002245,中古マンション等,,41201,佐賀県,佐賀市,栄町,佐賀,5,２ＤＫ,40,,,,平成2年,ＳＲＣ,,事務所,,,,商業地域,80.0,400.0,2021年第4四半期,未改装,,6.812913356642856
41003871,中古マンション等,,41201,佐賀県,佐賀市,堀川町,佐賀,25,３ＬＤＫ,75,,,,平成7年,ＳＲＣ,住宅,,,,,商業地域,80.0,400.0,2022年第2四半期,,,7.041392685158225
41018394,中古マンション等,,41201,佐賀県,佐賀市,堀川町,佐賀,23,３ＬＤＫ,75,,,,平成3年,ＲＣ,住宅,住宅,,,,商業地域,80.0,400.0,2015年第3四半期,未改装,,6.812913356642856
41026410,中古マンション等,,41201,佐賀県,佐賀市,駅南本町,佐賀,7,４ＬＤＫ,85,,,,平成20年,ＳＲＣ,住宅,,,,,商業地域,80.0,400.0,2009年第2四半期,未改装,,7.3222192947339195
41004169,中古マンション等,,41201,佐賀県,佐賀市,水ヶ江,佐賀,30分?60分,３ＬＤＫ,85,,,,平成12年,ＲＣ,,住宅,,,,近隣商業地域,80.0,200.0,2020年第1四半期,未改装,,7.079181246047625
41000507,中古マンション等,,41201,佐賀県,佐賀市,鍋島,佐賀,30分?60分,４ＬＤＫ,75,,,,平成12年,ＲＣ,住宅,住宅,,,,第２種住居地域,60.0,200.0,2014年第2四半期,改装済,,7.113943352306837
41002206,中古マンション等,,41201,佐賀県,佐賀市,呉服元町,佐賀,23,３ＬＤＫ,70,,,,平成17年,ＲＣ,住宅,住宅,,,,商業地域,80.0,400.0,2021年第1四半期,未改装,,7.230448921378274
41019455,中古マンション等,,41201,佐賀県,佐賀市,新中町,佐賀,16,２ＬＤＫ,65,,,,平成19年,ＲＣ,住宅,住宅,,,,第２種住居地域,60.0,200.0,2016年第3四半期,未改装,,6.845098040014257
41026727,中古マンション等,,41201,佐賀県,佐賀市,本庄町,佐賀,30分?60分,３ＬＤＫ,70,,,,昭和62年,ＲＣ,住宅,,,,,第１種住居地域,60.0,200.0,2009年第2四半期,未改装,,6.924279286061882
41018826,中古マンション等,,41201,佐賀県,佐賀市,駅前中央,佐賀,6,,75,,,,平成16年,ＳＲＣ,住宅,住宅,,,,商業地域,80.0,500.0,2016年第4四半期,改装済,,7.176091259055681
41024193,中古マンション等,,41201,佐賀県,佐賀市,駅南本町,佐賀,6,３ＬＤＫ,70,,,,平成15年,ＳＲＣ,住宅,,,,,商業地域,80.0,500.0,2013年第4四半期,改装済,,7.079181246047625
41013579,中古マンション等,,41201,佐賀県,佐賀市,水ヶ江,佐賀,30分?60分,３ＬＤＫ,75,,,,平成17年,ＲＣ,住宅,,,,,第２種中高層住居専用地域,60.0,200.0,2011年第1四半期,未改装,,7.176091259055681
41000079,中古マンション等,,41201,佐賀県,佐賀市,駅前中央,佐賀,4,３ＬＤＫ,75,,,,平成9年,ＳＲＣ,住宅,,,,,商業地域,80.0,500.0,2010年第3四半期,未改装,,7.079181246047625
41000710,中古マンション等,,41201,佐賀県,佐賀市,駅前中央,佐賀,6,３ＬＤＫ,65,,,,,ＳＲＣ,,住宅,,,,商業地域,80.0,400.0,2021年第2四半期,,,7.146128035678238
41018451,中古マンション等,,41201,佐賀県,佐賀市,水ヶ江,佐賀,30分?60分,４ＬＤＫ,80,,,,平成18年,ＲＣ,住宅,住宅,,,,近隣商業地域,80.0,200.0,2015年第4四半期,未改装,,7.278753600952829
41018885,中古マンション等,,41201,佐賀県,佐賀市,鬼丸町,佐賀,30分?60分,３ＬＤＫ,85,,,,平成18年,ＲＣ,住宅,住宅,,,,第１種中高層住居専用地域,60.0,200.0,2016年第2四半期,改装済,,7.278753600952829
41029017,中古マンション等,,41202,佐賀県,唐津市,千代田町,唐津,11,４ＬＤＫ,80,,,,平成20年,ＲＣ,住宅,,,,,商業地域,80.0,400.0,2008年第4四半期,改装済,,7.342422680822207
41019340,中古マンション等,,41201,佐賀県,佐賀市,神野東,佐賀,2,３ＬＤＫ,70,,,,平成10年,ＳＲＣ,住宅,住宅,,,,商業地域,80.0,500.0,2016年第4四半期,未改装,,7.204119982655925
41019902,中古マンション等,,41201,佐賀県,佐賀市,兵庫北,佐賀,21,４ＬＤＫ,95,,,,平成19年,ＲＣ,住宅,住宅,,,,第１種住居地域,60.0,200.0,2016年第1四半期,未改装,,7.414973347970818
41007096,中古マンション等,,41202,佐賀県,唐津市,東町,和多田,15,３ＬＤＫ,70,,,,平成13年,ＲＣ,住宅,住宅,,,,準工業地域,60.0,200.0,2017年第2四半期,未改装,,7.079181246047625
41018798,中古マンション等,,41202,佐賀県,唐津市,栄町,唐津,14,３ＬＤＫ,80,,,,平成21年,ＲＣ,住宅,住宅,,,,商業地域,80.0,400.0,2015年第1四半期,未改装,,7.176091259055681
41028963,中古マンション等,,41202,佐賀県,唐津市,栄町,唐津,14,４ＬＤＫ,90,,,,平成6年,ＲＣ,住宅,,,,,商業地域,80.0,400.0,2008年第2四半期,改装済,,7.146128035678238
41002749,中古マンション等,,41201,佐賀県,佐賀市,天神,佐賀,9,４ＬＤＫ,70,,,,平成3年,ＳＲＣ,,住宅,,,,商業地域,80.0,400.0,2018年第1四半期,未改装,,6.977723605288848
41028099,中古マンション等,,41201,佐賀県,佐賀市,大財,佐賀,17,３ＬＤＫ,65,,,,平成7年,ＳＲＣ,住宅,,,,,商業地域,80.0,400.0,2007年第2四半期,未改装,,6.845098040014257
41002790,中古マンション等,,41201,佐賀県,佐賀市,唐人,佐賀,8,３ＤＫ,60,,,,平成2年,ＳＲＣ,住宅,住宅,,,,商業地域,80.0,400.0,2018年第2四半期,未改装,,6.892094602690481
41006595,中古マンション等,,41202,佐賀県,唐津市,西寺町,唐津,7,２ＬＤＫ,75,,,,平成29年,ＲＣ,住宅,住宅,,,,商業地域,80.0,400.0,2021年第4四半期,未改装,,7.431363764158987
41003727,中古マンション等,,41201,佐賀県,佐賀市,兵庫南,佐賀,30分?60分,４ＬＤＫ,95,,,,平成15年,ＲＣ,,住宅,,,,第１種住居地域,60.0,200.0,2019年第2四半期,未改装,,7.2552725051033065
41026927,中古マンション等,,41202,佐賀県,唐津市,千代田町,唐津,12,３ＬＤＫ,70,,,,昭和63年,ＲＣ,住宅,,,,,商業地域,80.0,400.0,2009年第4四半期,改装済,,6.869231719730976
41009625,中古マンション等,,41201,佐賀県,佐賀市,駅南本町,佐賀,6,４ＬＤＫ,100,,,,平成12年,ＳＲＣ,住宅,,,,,商業地域,80.0,500.0,2011年第1四半期,未改装,,7.301029995663981
41006137,中古マンション等,,41202,佐賀県,唐津市,新興町,唐津,5,３ＬＤＫ,75,,,,,ＲＣ,住宅,住宅,,,,第１種住居地域,60.0,200.0,2021年第2四半期,未改装,,7.176091259055681
41006132,中古マンション等,,41202,佐賀県,唐津市,松南町,東唐津,4,２ＬＤＫ,75,,,,平成3年,ＳＲＣ,住宅,住宅,,,,第１種中高層住居専用地域,60.0,200.0,2018年第4四半期,未改装,,7.041392685158225
41003549,中古マンション等,,41201,佐賀県,佐賀市,兵庫北,佐賀,24,４ＬＤＫ,90,,,,平成20年,ＲＣ,,住宅,,,,第１種住居地域,60.0,200.0,2020年第2四半期,改装済,,7.3979400086720375
41003746,中古マンション等,,41201,佐賀県,佐賀市,兵庫南,佐賀,28,３ＬＤＫ,70,,,,平成20年,ＲＣ,住宅,住宅,,,,第１種中高層住居専用地域,60.0,200.0,2017年第3四半期,未改装,,7.176091259055681
41003544,中古マンション等,,41201,佐賀県,佐賀市,兵庫北,佐賀,13,３ＬＤＫ,70,,,,平成9年,ＳＲＣ,,住宅,,,,第１種住居地域,60.0,200.0,2022年第1四半期,未改装,,6.954242509439325
41000502,中古マンション等,,41201,佐賀県,佐賀市,鍋島,佐賀,1H?1H30,４ＬＤＫ,95,,,,平成13年,ＲＣ,住宅,住宅,,,,第１種住居地域,60.0,200.0,2014年第4四半期,未改装,,7.176091259055681
41003560,中古マンション等,,41201,佐賀県,佐賀市,兵庫北,佐賀,24,４ＬＤＫ,95,,,,平成20年,ＲＣ,住宅,住宅,,,,第２種住居地域,60.0,200.0,2018年第3四半期,未改装,,7.342422680822207
41013124,中古マンション等,,41201,佐賀県,佐賀市,堀川町,佐賀,24,３ＬＤＫ,55,,,,平成3年,ＳＲＣ,住宅,,,,,商業地域,80.0,400.0,2011年第3四半期,改装済,,6.886490725172482
41003530,中古マンション等,,41201,佐賀県,佐賀市,日の出,佐賀,21,３ＬＤＫ,80,,,,平成30年,ＲＣ,住宅,住宅,,,,第１種住居地域,60.0,200.0,2020年第3四半期,未改装,,7.491361693834273
41002111,中古マンション等,,41201,佐賀県,佐賀市,神野東,佐賀,5,３ＬＤＫ,60,,,,昭和58年,ＳＲＣ,住宅,住宅,,,,商業地域,80.0,400.0,2017年第2四半期,未改装,,6.8061799739838875
41028092,中古マンション等,,41201,佐賀県,佐賀市,大財,佐賀,14,１ＤＫ,20,,,,昭和62年,ＲＣ,住宅,,,,,商業地域,80.0,400.0,2008年第4四半期,改装済,,6.3222192947339195
41024245,中古マンション等,,41201,佐賀県,佐賀市,卸本町,佐賀,30分?60分,３ＬＤＫ,75,,,,平成14年,ＲＣ,住宅,,,,,準工業地域,60.0,200.0,2013年第1四半期,改装済,,7.204119982655925
41000455,中古マンション等,,41201,佐賀県,佐賀市,田代,佐賀,30分?60分,３ＬＤＫ,70,,,,昭和64年,ＳＲＣ,住宅,,,,,近隣商業地域,80.0,200.0,2014年第1四半期,改装済,,6.863322860120456
41006043,中古マンション等,,41202,佐賀県,唐津市,材木町,唐津,11,４ＬＤＫ,90,,,,平成15年,ＲＣ,,住宅,,,,商業地域,80.0,400.0,2021年第4四半期,,,7.278753600952829
41000501,中古マンション等,,41201,佐賀県,佐賀市,鍋島,佐賀,30分?60分,３ＬＤＫ,70,,,,平成16年,ＳＲＣ,住宅,住宅,,,,第２種住居地域,60.0,200.0,2014年第4四半期,,,7.204119982655925
41019981,中古マンション等,,41201,佐賀県,佐賀市,兵庫南,佐賀,30分?60分,４ＬＤＫ,110,,,,平成11年,ＲＣ,住宅,住宅,,,,第１種住居地域,60.0,200.0,2016年第2四半期,改装済,,7.230448921378274
41018174,中古マンション等,,41201,佐賀県,佐賀市,栄町,佐賀,4,２ＤＫ,45,,,,平成2年,ＳＲＣ,住宅,住宅,,,,商業地域,80.0,400.0,2015年第2四半期,未改装,,6.763427993562937
41019329,中古マンション等,,41201,佐賀県,佐賀市,神野西,佐賀,18,３ＬＤＫ,75,,,,平成10年,ＲＣ,住宅,住宅,,,,第２種中高層住居専用地域,60.0,200.0,2016年第3四半期,改装済,,7.113943352306837
41000107,中古マンション等,,41201,佐賀県,佐賀市,大財,佐賀,16,３ＬＤＫ,60,,,,平成3年,ＳＲＣ,住宅,,,,,商業地域,80.0,400.0,2010年第3四半期,未改装,調停・競売等,6.812913356642856
41028297,中古マンション等,,41201,佐賀県,佐賀市,白山,佐賀,16,４ＬＤＫ,90,,,,平成10年,ＳＲＣ,住宅,,,,,商業地域,80.0,400.0,2007年第2四半期,改装済,,7.176091259055681
41019265,中古マンション等,,41201,佐賀県,佐賀市,田代,佐賀,30分?60分,２ＬＤＫ,60,,,,昭和64年,ＳＲＣ,住宅,,,,,近隣商業地域,80.0,200.0,2012年第2四半期,未改装,調停・競売等,6.57978359661681
41000727,中古マンション等,,41201,佐賀県,佐賀市,駅前中央,佐賀,6,２ＬＤＫ,75,,,,平成16年,ＳＲＣ,住宅,住宅,,,,商業地域,80.0,500.0,2017年第3四半期,未改装,,7.204119982655925
41000685,中古マンション等,,41201,佐賀県,佐賀市,伊勢町,佐賀,21,３ＬＤＫ,65,,,,平成6年,ＲＣ,住宅,住宅,,,,第１種住居地域,60.0,200.0,2020年第2四半期,未改装,,6.949390006644912
41024198,中古マンション等,,41201,佐賀県,佐賀市,駅南本町,佐賀,5,３ＬＤＫ,75,,,,平成15年,ＳＲＣ,住宅,,,,,商業地域,80.0,400.0,2013年第1四半期,未改装,,6.863322860120456
41000584,中古マンション等,,41201,佐賀県,佐賀市,田代,佐賀,29,３ＬＤＫ,70,,,,昭和64年,ＳＲＣ,住宅,,,,,近隣商業地域,80.0,200.0,2010年第4四半期,未改装,,6.8750612633917
41019021,中古マンション等,,41202,佐賀県,唐津市,西城内,唐津,10,,60,,,,平成3年,ＲＣ,住宅,住宅,,,,第１種住居地域,60.0,200.0,2015年第3四半期,未改装,,6.863322860120456
41026414,中古マンション等,,41201,佐賀県,佐賀市,駅南本町,佐賀,7,３ＬＤＫ,75,,,,平成20年,ＳＲＣ,住宅,,,,,商業地域,80.0,400.0,2009年第1四半期,未改装,,7.204119982655925
41018328,中古マンション等,,41201,佐賀県,佐賀市,八幡小路,佐賀,16,３ＬＤＫ,95,,,,平成10年,ＲＣ,住宅,住宅,,,,第１種住居地域,60.0,200.0,2015年第4四半期,未改装,,7.176091259055681
41018439,中古マンション等,,41201,佐賀県,佐賀市,松原,佐賀,28,３ＬＤＫ,55,,,,平成4年,ＳＲＣ,住宅,住宅,,,,商業地域,80.0,400.0,2015年第4四半期,未改装,,6.8061799739838875
41018871,中古マンション等,,41201,佐賀県,佐賀市,大財,佐賀,25,３ＬＤＫ,70,,,,平成11年,ＲＣ,住宅,住宅,,,,第１種住居地域,60.0,200.0,2016年第3四半期,改装済,,7.079181246047625
41024537,中古マンション等,,41201,佐賀県,佐賀市,鍋島,佐賀,30分?60分,４ＬＤＫ,95,,,,平成12年,ＲＣ,住宅,,,,,第２種中高層住居専用地域,60.0,200.0,2013年第4四半期,未改装,,7.230448921378274
41002074,中古マンション等,,41201,佐賀県,佐賀市,神野東,佐賀,2,オープンフロア,135,,,,平成10年,ＳＲＣ,事務所,事務所,,,,商業地域,80.0,400.0,2021年第3四半期,未改装,,7.176091259055681
41001914,中古マンション等,,41201,佐賀県,佐賀市,松原,佐賀,26,３ＬＤＫ,65,,,,平成5年,ＳＲＣ,住宅,,,,,商業地域,80.0,400.0,2010年第3四半期,未改装,,6.857332496431268
41000887,中古マンション等,,41201,佐賀県,佐賀市,開成,佐賀,30分?60分,３ＬＤＫ,70,,,,平成21年,ＲＣ,住宅,住宅,,,,第２種中高層住居専用地域,60.0,200.0,2020年第3四半期,改装済,,7.230448921378274
41002792,中古マンション等,,41201,佐賀県,佐賀市,唐人,佐賀,9,１ＤＫ,25,,,,平成2年,ＲＣ,住宅,住宅,,,,商業地域,80.0,400.0,2017年第2四半期,未改装,,6.518513939877887
41003315,中古マンション等,,41202,佐賀県,唐津市,紺屋町,唐津,1,３ＬＤＫ,70,,,,昭和63年,ＲＣ,住宅,住宅,,,,商業地域,80.0,400.0,2014年第4四半期,改装済,,7.079181246047625
41004138,中古マンション等,,41201,佐賀県,佐賀市,松原,佐賀,28,２ＬＤＫ,55,,,,平成5年,,住宅,住宅,,,,商業地域,80.0,400.0,2017年第3四半期,未改装,,6.8750612633917
41028602,中古マンション等,,41201,佐賀県,佐賀市,松原,佐賀,26,１Ｋ,15,,,,平成4年,ＳＲＣ,住宅,,,,,商業地域,80.0,400.0,2008年第3四半期,未改装,,6.342422680822207
41026930,中古マンション等,,41202,佐賀県,唐津市,千代田町,唐津,11,４ＬＤＫ,80,,,,平成20年,ＲＣ,住宅,,,,,商業地域,80.0,400.0,2009年第2四半期,未改装,,7.2552725051033065
41000811,中古マンション等,,41201,佐賀県,佐賀市,大財,佐賀,16,２ＬＤＫ,60,,,,平成2年,ＲＣ,,住宅,,,,商業地域,80.0,400.0,2018年第2四半期,未改装,,7.079181246047625
41020202,中古マンション等,,41201,佐賀県,佐賀市,若宮,佐賀,22,３ＬＤＫ,85,,,,平成15年,ＲＣ,住宅,,,,,第２種中高層住居専用地域,60.0,200.0,2012年第4四半期,未改装,,7.230448921378274
41018882,中古マンション等,,41201,佐賀県,佐賀市,鬼丸町,佐賀,30分?60分,３ＬＤＫ,80,,,,平成18年,ＲＣ,住宅,住宅,,,,第１種中高層住居専用地域,60.0,200.0,2016年第4四半期,未改装,,7.204119982655925
41003547,中古マンション等,,41201,佐賀県,佐賀市,兵庫北,佐賀,21,３ＬＤＫ,75,,,,平成19年,ＲＣ,,住宅,,,,第１種住居地域,60.0,200.0,2021年第3四半期,未改装,,7.3222192947339195
41003543,中古マンション等,,41201,佐賀県,佐賀市,兵庫北,佐賀,25,２ＬＤＫ,70,,,,,ＲＣ,住宅,住宅,,,,第２種中高層住居専用地域,60.0,200.0,2022年第2四半期,未改装,,7.342422680822207
41000106,中古マンション等,,41201,佐賀県,佐賀市,大財,佐賀,10,３ＤＫ,50,,,,昭和62年,ＳＲＣ,住宅,,,,,商業地域,80.0,400.0,2010年第3四半期,未改装,調停・競売等,6.414973347970818
41018173,中古マンション等,,41201,佐賀県,佐賀市,栄町,佐賀,4,１ＤＫ,25,,,,平成2年,ＳＲＣ,住宅,住宅,,,,商業地域,80.0,400.0,2015年第4四半期,未改装,,6.6020599913279625
41003879,中古マンション等,,41201,佐賀県,佐賀市,堀川町,佐賀,25,３ＬＤＫ,60,,,,平成3年,ＳＲＣ,,住宅,,,,商業地域,80.0,400.0,2021年第3四半期,,,6.954242509439325
41002785,中古マンション等,,41201,佐賀県,佐賀市,唐人,佐賀,8,４ＬＤＫ,90,,,,,ＳＲＣ,,住宅,,,,商業地域,80.0,400.0,2020年第1四半期,,,6.99563519459755
41028086,中古マンション等,,41201,佐賀県,佐賀市,駅南本町,佐賀,7,３ＬＤＫ,75,,,,平成20年,ＳＲＣ,住宅,,,,,商業地域,80.0,400.0,2008年第4四半期,未改装,,7.176091259055681
41018180,中古マンション等,,41201,佐賀県,佐賀市,白山,佐賀,16,２ＬＤＫ,70,,,,平成10年,ＳＲＣ,住宅,住宅,,,,商業地域,80.0,500.0,2015年第4四半期,未改装,,7.041392685158225
41028084,中古マンション等,,41201,佐賀県,佐賀市,伊勢町,佐賀,21,３ＬＤＫ,65,,,,平成6年,ＲＣ,住宅,,,,,第１種住居地域,60.0,200.0,2007年第3四半期,改装済,,6.944482672150168
41002782,中古マンション等,,41201,佐賀県,佐賀市,唐人,佐賀,8,３ＬＤＫ,70,,,,平成2年,ＳＲＣ,住宅,,,,,商業地域,80.0,400.0,2021年第1四半期,未改装,,6.863322860120456
41003551,中古マンション等,,41201,佐賀県,佐賀市,兵庫北,佐賀,21,４ＬＤＫ,95,,,,,,住宅,住宅,,,,第１種住居地域,60.0,200.0,2020年第1四半期,未改装,,7.431363764158987
41003381,中古マンション等,,41201,佐賀県,佐賀市,八幡小路,佐賀,16,４ＬＤＫ,80,,,,昭和64年,ＲＣ,住宅,住宅,,,,第１種住居地域,60.0,200.0,2017年第3四半期,未改装,,6.982271233039568
41000490,中古マンション等,,41201,佐賀県,佐賀市,白山,佐賀,17,１Ｋ,30,,,,昭和60年,ＲＣ,住宅,,,,,商業地域,80.0,400.0,2010年第1四半期,未改装,,6.176091259055681
41018141,中古マンション等,,41201,佐賀県,佐賀市,神野東,佐賀,8,１ＬＤＫ,35,,,,昭和59年,鉄骨造,住宅,,,,,商業地域,80.0,400.0,2015年第4四半期,未改装,,6.544068044350276
41000644,中古マンション等,,41201,佐賀県,佐賀市,愛敬町,佐賀,8,３ＬＤＫ,70,,,,昭和62年,,住宅,住宅,,,,商業地域,80.0,400.0,2018年第4四半期,改装済,,6.991226075692495
41018839,中古マンション等,,41201,佐賀県,佐賀市,駅南本町,佐賀,5,３ＬＤＫ,95,,,,平成12年,ＳＲＣ,住宅,住宅,,,,商業地域,80.0,500.0,2016年第3四半期,未改装,,6.176091259055681
41006575,中古マンション等,,41202,佐賀県,唐津市,西城内,唐津,11,２ＬＤＫ,75,,,,昭和64年,ＲＣ,住宅,住宅,,,,第１種住居地域,,,2021年第4四半期,,,6.919078092376074
41019123,中古マンション等,,41201,佐賀県,佐賀市,白山,佐賀,16,２ＬＤＫ,60,,,,平成10年,ＳＲＣ,住宅,,,,,商業地域,80.0,400.0,2012年第2四半期,未改装,,6.903089986991944
41001840,中古マンション等,,41201,佐賀県,佐賀市,本庄町,佐賀,30分?60分,３ＤＫ,55,,,,昭和61年,ＲＣ,住宅,,,,,第２種住居地域,60.0,200.0,2010年第2四半期,改装済,,6.778151250383644
41012959,中古マンション等,,41201,佐賀県,佐賀市,兵庫町,佐賀,12,３ＬＤＫ,70,,,,,ＳＲＣ,住宅,,,,,第１種住居地域,60.0,200.0,2011年第3四半期,未改装,調停・競売等,6.9084850188786495
41025114,中古マンション等,,41202,佐賀県,唐津市,東町,和多田,14,,95,,,,,ＳＲＣ,住宅,,,,,準工業地域,60.0,200.0,2013年第1四半期,未改装,,7.079181246047625
41001117,中古マンション等,,41201,佐賀県,佐賀市,堀川町,佐賀,23,３ＬＤＫ,80,,,,平成3年,ＲＣ,住宅,,,,,商業地域,80.0,400.0,2014年第1四半期,,,6.991226075692495
41018672,中古マンション等,,41201,佐賀県,佐賀市,神園,佐賀,19,３ＬＤＫ,70,,,,平成7年,ＲＣ,住宅,,,,,第２種中高層住居専用地域,60.0,200.0,2012年第3四半期,改装済,,6.991226075692495
41013570,中古マンション等,,41201,佐賀県,佐賀市,水ヶ江,佐賀,30分?60分,３ＬＤＫ,85,,,,平成12年,ＲＣ,住宅,,,,,近隣商業地域,80.0,200.0,2011年第4四半期,未改装,,7.146128035678238
41006143,中古マンション等,,41202,佐賀県,唐津市,新興町,唐津,1,２ＬＤＫ,55,,,,平成18年,ＲＣ,住宅,住宅,,,,商業地域,80.0,400.0,2020年第1四半期,未改装,,7.146128035678238
41001922,中古マンション等,,41201,佐賀県,佐賀市,松原,佐賀,28,４ＬＤＫ,80,,,,平成5年,ＳＲＣ,住宅,,,,,商業地域,80.0,400.0,2010年第1四半期,改装済,,6.919078092376074
41003532,中古マンション等,,41202,佐賀県,唐津市,千代田町,唐津,13,１ＬＤＫ,55,,,,平成25年,ＲＣ,住宅,住宅,,,,商業地域,80.0,400.0,2014年第4四半期,未改装,,7.204119982655925
41000122,中古マンション等,,41201,佐賀県,佐賀市,鬼丸町,佐賀,30分?60分,２ＬＤＫ,75,,,,平成18年,ＲＣ,住宅,,,,,第１種中高層住居専用地域,60.0,200.0,2010年第1四半期,未改装,,7.2552725051033065
41019263,中古マンション等,,41201,佐賀県,佐賀市,田代,佐賀,30分?60分,３ＬＤＫ,70,,,,昭和64年,ＳＲＣ,住宅,,,,,近隣商業地域,80.0,200.0,2012年第3四半期,未改装,,6.653212513775344
41026977,中古マンション等,,41202,佐賀県,唐津市,西城内,唐津,9,３ＬＤＫ,75,,,,平成18年,ＲＣ,住宅,,,,,第１種住居地域,60.0,200.0,2009年第2四半期,未改装,,7.204119982655925
41000436,中古マンション等,,41201,佐賀県,佐賀市,神野東,佐賀,9,２ＤＫ,35,,,,昭和59年,鉄骨造,住宅,,,,,商業地域,80.0,400.0,2010年第1四半期,未改装,,6.079181246047625
41020932,中古マンション等,,41202,佐賀県,唐津市,新興町,唐津,2,２ＬＤＫ,55,,,,平成18年,ＲＣ,住宅,住宅,,,,商業地域,80.0,400.0,2016年第3四半期,未改装,,7.146128035678238
41002878,中古マンション等,,41201,佐賀県,佐賀市,鍋島,佐賀,30分?60分,４ＬＤＫ,80,,,,平成16年,ＳＲＣ,,住宅,,,,第２種住居地域,,,2020年第1四半期,改装済,,7.230448921378274
41020925,中古マンション等,,41202,佐賀県,唐津市,東町,和多田,14,３ＬＤＫ,75,,,,平成13年,ＲＣ,住宅,,,,,準工業地域,60.0,200.0,2012年第3四半期,改装済,,7.146128035678238
41000728,中古マンション等,,41201,佐賀県,佐賀市,駅前中央,佐賀,5,３ＬＤＫ,65,,,,平成7年,ＳＲＣ,住宅,住宅,,,,商業地域,80.0,400.0,2017年第2四半期,未改装,調停・競売等,7.041392685158225
41004191,中古マンション等,,41201,佐賀県,佐賀市,水ヶ江,佐賀,30分?60分,３ＬＤＫ,70,,,,平成12年,ＲＣ,住宅,その他,,,,近隣商業地域,80.0,200.0,2018年第3四半期,未改装,,7.0
41003705,中古マンション等,,41201,佐賀県,佐賀市,兵庫南,佐賀,30分?60分,３ＬＤＫ,95,,,,平成11年,ＲＣ,,住宅,,,,準住居地域,60.0,200.0,2021年第2四半期,未改装,,7.301029995663981
41000859,中古マンション等,,41201,佐賀県,佐賀市,鬼丸町,佐賀,30分?60分,４ＬＤＫ,80,,,,昭和64年,ＲＣ,,住宅,,,,第１種中高層住居専用地域,60.0,200.0,2017年第3四半期,未改装,,7.041392685158225
41003887,中古マンション等,,41201,佐賀県,佐賀市,堀川町,佐賀,25,４ＬＤＫ,70,,,,平成3年,ＳＲＣ,,,,,,商業地域,80.0,400.0,2018年第4四半期,未改装,,6.929418925714293
41000822,中古マンション等,,41201,佐賀県,佐賀市,大財,佐賀,9,３ＬＤＫ,50,,,,昭和62年,ＳＲＣ,住宅,住宅,,,,商業地域,80.0,400.0,2017年第2四半期,未改装,,6.724275869600789
41004110,中古マンション等,,41201,佐賀県,佐賀市,松原,佐賀,21,３ＬＤＫ,70,,,,平成9年,ＳＲＣ,,住宅,,,,商業地域,80.0,400.0,2021年第1四半期,,,7.176091259055681
41006586,中古マンション等,,41202,佐賀県,唐津市,西城内,唐津,10,４ＬＤＫ,85,,,,平成10年,ＲＣ,住宅,住宅,,,,第１種住居地域,60.0,200.0,2018年第2四半期,未改装,,7.2552725051033065
41024430,中古マンション等,,41201,佐賀県,佐賀市,神野西,佐賀,10,３ＬＤＫ,75,,,,平成16年,ＲＣ,住宅,,,,,第１種住居地域,60.0,200.0,2013年第1四半期,未改装,,7.204119982655925
41002465,中古マンション等,,41201,佐賀県,佐賀市,若宮,佐賀,16,４ＬＤＫ,85,,,,平成20年,ＲＣ,住宅,,,,,第２種中高層住居専用地域,60.0,200.0,2014年第1四半期,未改装,,7.278753600952829
41005186,中古マンション等,,41201,佐賀県,佐賀市,若宮,佐賀,26,４ＬＤＫ,85,,,,平成13年,ＲＣ,住宅,住宅,,,,第２種中高層住居専用地域,60.0,200.0,2019年第3四半期,改装済,,7.230448921378274
41024235,中古マンション等,,41201,佐賀県,佐賀市,鬼丸町,佐賀,30分?60分,４ＬＤＫ,80,,,,昭和64年,ＲＣ,住宅,,,,,第１種中高層住居専用地域,60.0,200.0,2013年第4四半期,改装済,,7.113943352306837
41004150,中古マンション等,,41201,佐賀県,佐賀市,水ヶ江,佐賀,26,２ＬＤＫ,70,,,,,,住宅,住宅,,,,第２種中高層住居専用地域,60.0,200.0,2022年第1四半期,未改装,,7.361727836017593
41018887,中古マンション等,,41201,佐賀県,佐賀市,鬼丸町,佐賀,30分?60分,３ＬＤＫ,80,,,,平成18年,ＲＣ,住宅,住宅,,,,第１種中高層住居専用地域,60.0,200.0,2016年第1四半期,未改装,,7.278753600952829
41028632,中古マンション等,,41201,佐賀県,佐賀市,水ヶ江,佐賀,30分?60分,３ＬＤＫ,80,,,,昭和64年,ＲＣ,住宅,,,,,近隣商業地域,80.0,200.0,2007年第2四半期,未改装,,6.812913356642856
41002743,中古マンション等,,41201,佐賀県,佐賀市,天神,佐賀,7,３ＬＤＫ,60,,,,平成3年,ＳＲＣ,住宅,住宅,,,,商業地域,80.0,400.0,2020年第4四半期,未改装,,6.924279286061882
41028564,中古マンション等,,41201,佐賀県,佐賀市,堀川町,佐賀,24,３ＬＤＫ,65,,,,平成3年,ＳＲＣ,住宅,,,,,商業地域,80.0,400.0,2008年第2四半期,未改装,,6.8750612633917
41002101,中古マンション等,,41201,佐賀県,佐賀市,神野東,佐賀,6,４ＬＤＫ,85,,,,平成19年,ＳＲＣ,,住宅,,,,商業地域,80.0,400.0,2019年第1四半期,改装済,,7.380211241711606
41003552,中古マンション等,,41201,佐賀県,佐賀市,兵庫北,佐賀,19,３ＬＤＫ,65,,,,平成26年,ＲＣ,住宅,住宅,,,,工業地域,60.0,200.0,2020年第1四半期,未改装,,7.278753600952829
41000435,中古マンション等,,41201,佐賀県,佐賀市,神野東,佐賀,8,３ＬＤＫ＋Ｓ,75,,,,平成13年,ＲＣ,住宅,,,,,第２種住居地域,60.0,200.0,2010年第1四半期,改装済,,7.2552725051033065
41019544,中古マンション等,,41201,佐賀県,佐賀市,高木瀬町,佐賀,16,４ＬＤＫ,85,,,,平成18年,ＲＣ,住宅,住宅,,,,第２種住居地域,60.0,200.0,2016年第1四半期,未改装,,7.301029995663981
41028254,中古マンション等,,41201,佐賀県,佐賀市,神野東,佐賀,2,３ＬＤＫ,70,,,,平成10年,ＳＲＣ,住宅,,,,,商業地域,80.0,500.0,2008年第4四半期,改装済,,7.113943352306837
41029111,中古マンション等,,41202,佐賀県,唐津市,西城内,唐津,9,３ＬＤＫ,75,,,,平成18年,ＲＣ,住宅,,,,,第１種住居地域,60.0,200.0,2008年第1四半期,改装済,,7.3222192947339195
41019347,中古マンション等,,41201,佐賀県,佐賀市,神野東,佐賀,5,３ＬＤＫ,60,,,,昭和58年,ＳＲＣ,住宅,住宅,,,,商業地域,80.0,400.0,2016年第1四半期,未改装,,6.763427993562937
41018249,中古マンション等,,41201,佐賀県,佐賀市,唐人,佐賀,8,２ＬＤＫ,60,,,,平成2年,ＳＲＣ,住宅,,,,,商業地域,80.0,400.0,2015年第1四半期,改装済,,7.0
41028566,中古マンション等,,41201,佐賀県,佐賀市,堀川町,佐賀,24,２ＬＤＫ,75,,,,平成4年,ＲＣ,住宅,,,,,商業地域,80.0,400.0,2007年第4四半期,未改装,,7.079181246047625
41002070,中古マンション等,,41201,佐賀県,佐賀市,神野東,佐賀,8,４ＬＤＫ,90,,,,昭和60年,ＳＲＣ,,住宅,,,,商業地域,80.0,400.0,2022年第1四半期,未改装,,6.913813852383717
41004950,中古マンション等,,41201,佐賀県,佐賀市,大和町大字尼寺,佐賀,1H?1H30,３ＬＤＫ,65,,,,平成25年,ＲＣ,住宅,住宅,,,,第１種住居地域,60.0,200.0,2017年第3四半期,未改装,,7.2552725051033065
41004121,中古マンション等,,41201,佐賀県,佐賀市,松原,佐賀,25,オープンフロア,55,,,,昭和61年,ＳＲＣ,店舗,店舗,,,,商業地域,80.0,400.0,2019年第3四半期,未改装,,6.698970004336019
41004125,中古マンション等,,41201,佐賀県,佐賀市,松原,佐賀,28,２ＤＫ,40,,,,平成4年,ＳＲＣ,,住宅,,,,商業地域,80.0,400.0,2018年第3四半期,改装済,,6.832508912706237
41002736,中古マンション等,,41201,佐賀県,佐賀市,天神,佐賀,11,３ＬＤＫ,80,,,,,,,住宅,,,,商業地域,,,2022年第1四半期,,,7.2552725051033065
41026980,中古マンション等,,41202,佐賀県,唐津市,西城内,唐津,9,３ＬＤＫ,75,,,,平成17年,ＲＣ,住宅,,,,,第１種住居地域,60.0,200.0,2009年第1四半期,未改装,,7.380211241711606
41019346,中古マンション等,,41201,佐賀県,佐賀市,神野東,佐賀,5,４ＬＤＫ,85,,,,平成19年,ＳＲＣ,住宅,住宅,,,,商業地域,80.0,400.0,2016年第2四半期,未改装,,7.301029995663981
41000098,中古マンション等,,41201,佐賀県,佐賀市,大財,佐賀,13,１Ｒ,30,,,,昭和62年,ＲＣ,住宅,,,,,商業地域,80.0,400.0,2010年第4四半期,改装済,,6.544068044350276
41002090,中古マンション等,,41201,佐賀県,佐賀市,神野東,佐賀,8,３ＬＤＫ,75,,,,平成13年,ＲＣ,,住宅,,,,第２種住居地域,60.0,200.0,2020年第1四半期,未改装,,7.204119982655925
41006589,中古マンション等,,41202,佐賀県,唐津市,西城内,唐津,10,３ＬＤＫ,75,,,,昭和64年,ＲＣ,住宅,住宅,,,,第１種住居地域,60.0,200.0,2017年第4四半期,未改装,,7.0
41026411,中古マンション等,,41201,佐賀県,佐賀市,駅南本町,佐賀,7,４ＬＤＫ,85,,,,平成20年,ＳＲＣ,住宅,,,,,商業地域,80.0,400.0,2009年第2四半期,,,7.431363764158987
41018607,中古マンション等,,41201,佐賀県,佐賀市,駅南本町,佐賀,6,１ＬＤＫ,45,,,,平成15年,ＳＲＣ,住宅,,,,,商業地域,80.0,500.0,2012年第4四半期,未改装,,6.8750612633917
41018906,中古マンション等,,41201,佐賀県,佐賀市,開成,佐賀,30分?60分,３ＬＤＫ,65,,,,平成21年,ＲＣ,住宅,住宅,,,,第２種中高層住居専用地域,60.0,200.0,2016年第4四半期,未改装,,7.278753600952829
41018893,中古マンション等,,41201,佐賀県,佐賀市,卸本町,佐賀,2H?,３ＬＤＫ,75,,,,,ＲＣ,住宅,住宅,,,,準工業地域,60.0,200.0,2016年第2四半期,未改装,,7.204119982655925
41002082,中古マンション等,,41201,佐賀県,佐賀市,神野東,佐賀,3,３ＬＤＫ,70,,,,,,住宅,住宅,,,,商業地域,80.0,500.0,2021年第1四半期,改装済,,7.230448921378274
41006322,中古マンション等,,41202,佐賀県,唐津市,千代田町,唐津,13,２ＬＤＫ,55,,,,平成25年,,住宅,,,,,商業地域,80.0,400.0,2021年第1四半期,,,7.176091259055681
41013467,中古マンション等,,41201,佐賀県,佐賀市,松原,佐賀,19,４ＬＤＫ,90,,,,平成9年,ＳＲＣ,住宅,,,,,商業地域,80.0,400.0,2011年第4四半期,改装済,,7.146128035678238
41000731,中古マンション等,,41201,佐賀県,佐賀市,駅南本町,佐賀,7,２ＬＤＫ,60,,,,平成27年,ＲＣ,,住宅,,,,商業地域,80.0,400.0,2022年第1四半期,未改装,,7.278753600952829
41000789,中古マンション等,,41201,佐賀県,佐賀市,大財,佐賀,16,３ＬＤＫ,70,,,,平成3年,ＳＲＣ,住宅,住宅,,,,商業地域,80.0,400.0,2020年第3四半期,未改装,,6.903089986991944
41019104,中古マンション等,,41201,佐賀県,佐賀市,栄町,佐賀,4,２ＬＤＫ,40,,,,平成2年,ＳＲＣ,住宅,,,,,商業地域,80.0,400.0,2012年第3四半期,改装済,,6.681241237375588
41000701,中古マンション等,,41201,佐賀県,佐賀市,駅前中央,佐賀,8,４ＬＤＫ,85,,,,平成12年,ＲＣ,,住宅,,,,工業地域,60.0,200.0,2022年第1四半期,未改装,,7.2552725051033065
41004826,中古マンション等,,41201,佐賀県,佐賀市,大和町大字尼寺,佐賀,1H?1H30,４ＬＤＫ,80,,,,平成25年,ＲＣ,,住宅,,,,第１種住居地域,60.0,200.0,2022年第2四半期,未改装,,7.380211241711606
41011120,中古マンション等,,41201,佐賀県,佐賀市,神野東,佐賀,2,４ＬＤＫ,95,,,,平成10年,ＳＲＣ,住宅,,,,,商業地域,80.0,500.0,2011年第3四半期,,,7.278753600952829
41018188,中古マンション等,,41201,佐賀県,佐賀市,新栄東,佐賀,30分?60分,４ＬＤＫ,85,,,,,ＲＣ,住宅,住宅,,,,準住居地域,60.0,200.0,2015年第1四半期,未改装,,7.079181246047625
41005927,中古マンション等,,41202,佐賀県,唐津市,熊原町,唐津,5,３ＬＤＫ,85,,,,平成12年,ＲＣ,住宅,住宅,,,,第１種住居地域,60.0,200.0,2017年第1四半期,改装済,,7.146128035678238
41026979,中古マンション等,,41202,佐賀県,唐津市,西城内,唐津,9,４ＬＤＫ,75,,,,平成18年,ＲＣ,住宅,,,,,第１種住居地域,60.0,200.0,2009年第1四半期,改装済,,7.204119982655925
41019103,中古マンション等,,41201,佐賀県,佐賀市,栄町,佐賀,5,２ＬＤＫ,45,,,,平成2年,ＳＲＣ,住宅,,,,,商業地域,80.0,400.0,2012年第4四半期,改装済,,6.643452676486188
41011369,中古マンション等,,41201,佐賀県,佐賀市,白山,佐賀,16,３ＬＤＫ,70,,,,平成10年,ＳＲＣ,住宅,,,,,商業地域,80.0,500.0,2011年第1四半期,改装済,,7.079181246047625
41020739,中古マンション等,,41202,佐賀県,唐津市,西城内,唐津,14,４ＬＤＫ,85,,,,昭和64年,ＲＣ,住宅,,,,,第１種住居地域,60.0,200.0,2012年第3四半期,未改装,,7.041392685158225
41026577,中古マンション等,,41201,佐賀県,佐賀市,田代,佐賀,30分?60分,３ＬＤＫ,75,,,,昭和64年,ＳＲＣ,住宅,,,,,近隣商業地域,80.0,200.0,2009年第3四半期,未改装,,6.698970004336019
41000101,中古マンション等,,41201,佐賀県,佐賀市,大財,佐賀,16,４ＬＤＫ,75,,,,平成2年,ＲＣ,住宅,,,,,商業地域,80.0,400.0,2010年第4四半期,未改装,,6.954242509439325
41011881,中古マンション等,,41201,佐賀県,佐賀市,唐人,佐賀,9,３ＬＤＫ,60,,,,平成2年,ＳＲＣ,住宅,,,,,商業地域,80.0,400.0,2011年第2四半期,未改装,,6.845098040014257
41003880,中古マンション等,,41201,佐賀県,佐賀市,堀川町,佐賀,25,３ＬＤＫ,60,,,,平成3年,ＳＲＣ,住宅,住宅,,,,商業地域,80.0,400.0,2020年第3四半期,未改装,,7.041392685158225
41000030,中古マンション等,,41201,佐賀県,佐賀市,開成,佐賀,30分?60分,３ＬＤＫ,70,,,,,ＲＣ,住宅,住宅,,,,第２種中高層住居専用地域,60.0,200.0,2014年第4四半期,,,7.230448921378274
41004124,中古マンション等,,41201,佐賀県,佐賀市,松原,佐賀,28,１Ｋ,30,,,,平成4年,ＳＲＣ,,住宅,,,,商業地域,80.0,400.0,2019年第1四半期,改装済,,6.544068044350276
41000714,中古マンション等,,41201,佐賀県,佐賀市,駅前中央,佐賀,5,４ＬＤＫ,90,,,,平成16年,ＳＲＣ,,住宅,,,,商業地域,80.0,500.0,2020年第4四半期,改装済,,7.3222192947339195
41018797,中古マンション等,,41202,佐賀県,唐津市,栄町,唐津,15,３ＬＤＫ,70,,,,平成21年,ＲＣ,住宅,住宅,,,,商業地域,80.0,400.0,2015年第4四半期,未改装,,7.176091259055681
41019725,中古マンション等,,41201,佐賀県,佐賀市,堀川町,佐賀,25,３ＬＤＫ,60,,,,平成3年,ＳＲＣ,住宅,,,,,商業地域,80.0,400.0,2012年第2四半期,未改装,,6.7923916894982534
41004877,中古マンション等,,41201,佐賀県,佐賀市,大和町大字尼寺,佐賀,1H?1H30,３ＬＤＫ,70,,,,平成25年,ＲＣ,住宅,住宅,,,,第１種住居地域,60.0,200.0,2019年第4四半期,未改装,,7.230448921378274
41004175,中古マンション等,,41201,佐賀県,佐賀市,水ヶ江,佐賀,25,４ＬＤＫ,75,,,,平成19年,ＲＣ,住宅,住宅,,,,商業地域,80.0,400.0,2019年第3四半期,未改装,,7.230448921378274
41000830,中古マンション等,,41201,佐賀県,佐賀市,鬼丸町,佐賀,30分?60分,４ＬＤＫ,80,,,,昭和64年,ＲＣ,住宅,住宅,,,,第１種中高層住居専用地域,60.0,200.0,2022年第1四半期,未改装,,6.9344984512435675
41026914,中古マンション等,,41202,佐賀県,唐津市,松南町,東唐津,4,１ＬＤＫ,40,,,,平成3年,ＳＲＣ,住宅,,,,,第１種中高層住居専用地域,60.0,200.0,2009年第4四半期,改装済,,6.698970004336019
41002318,中古マンション等,,41201,佐賀県,佐賀市,新栄東,佐賀,30分?60分,３ＬＤＫ,85,,,,平成15年,ＲＣ,住宅,住宅,,,,準住居地域,60.0,200.0,2022年第2四半期,未改装,,7.301029995663981
41017912,中古マンション等,,41201,佐賀県,佐賀市,伊勢町,佐賀,21,３ＬＤＫ,70,,,,平成6年,ＲＣ,住宅,住宅,,,,第１種住居地域,60.0,200.0,2015年第1四半期,改装済,,7.041392685158225
41024515,中古マンション等,,41201,佐賀県,佐賀市,田代,佐賀,30分?60分,３ＬＤＫ,70,,,,昭和64年,ＳＲＣ,住宅,,,,,近隣商業地域,80.0,200.0,2013年第4四半期,未改装,,6.778151250383644
41003930,中古マンション等,,41201,佐賀県,佐賀市,本庄町,佐賀,30分?60分,３ＬＤＫ,70,,,,昭和62年,ＲＣ,,住宅,,,,第２種住居地域,60.0,200.0,2021年第4四半期,未改装,,6.863322860120456
41003193,中古マンション等,,41201,佐賀県,佐賀市,西田代,佐賀,28,３ＬＤＫ,65,,,,昭和59年,ＲＣ,住宅,住宅,,,,第１種住居地域,60.0,200.0,2018年第1四半期,未改装,,6.698970004336019
41018869,中古マンション等,,41201,佐賀県,佐賀市,大財,佐賀,12,４ＬＤＫ,90,,,,平成11年,ＳＲＣ,住宅,住宅,,,,商業地域,80.0,400.0,2016年第3四半期,未改装,,7.079181246047625
41000782,中古マンション等,,41201,佐賀県,佐賀市,大財,佐賀,13,３ＬＤＫ,70,,,,平成8年,ＳＲＣ,住宅,住宅,,,,第２種住居地域,60.0,200.0,2020年第4四半期,未改装,,6.954242509439325
41024247,中古マンション等,,41201,佐賀県,佐賀市,卸本町,佐賀,30分?60分,３ＬＤＫ,70,,,,平成19年,ＲＣ,住宅,,,,,準工業地域,60.0,200.0,2013年第1四半期,未改装,,6.954242509439325
41029112,中古マンション等,,41202,佐賀県,唐津市,西城内,唐津,9,２ＬＤＫ,60,,,,平成3年,ＲＣ,住宅,,,,,第１種住居地域,60.0,200.0,2008年第1四半期,改装済,,6.903089986991944
41013469,中古マンション等,,41201,佐賀県,佐賀市,松原,佐賀,20,５ＬＤＫ,115,,,,平成13年,ＳＲＣ,住宅,,,,,商業地域,80.0,400.0,2011年第3四半期,未改装,,7.3222192947339195
41002864,中古マンション等,,41201,佐賀県,佐賀市,鍋島,佐賀,30分?60分,３ＬＤＫ,75,,,,平成12年,ＲＣ,住宅,住宅,,,,第２種住居地域,60.0,200.0,2021年第4四半期,未改装,,7.146128035678238
41019823,中古マンション等,,41201,佐賀県,佐賀市,松原,佐賀,19,４ＬＤＫ,85,,,,平成13年,ＳＲＣ,住宅,,,,,商業地域,80.0,400.0,2012年第2四半期,改装済,,7.204119982655925
41003888,中古マンション等,,41201,佐賀県,佐賀市,堀川町,佐賀,25,３ＬＤＫ,65,,,,平成3年,ＳＲＣ,住宅,住宅,,,,商業地域,80.0,400.0,2018年第4四半期,未改装,,6.892094602690481
41002750,中古マンション等,,41201,佐賀県,佐賀市,天神,佐賀,9,３ＬＤＫ,75,,,,平成3年,ＳＲＣ,住宅,住宅,,,,商業地域,80.0,400.0,2017年第4四半期,未改装,,7.041392685158225
41019134,中古マンション等,,41201,佐賀県,佐賀市,新栄東,鍋島,30分?60分,４ＬＤＫ,95,,,,平成11年,ＲＣ,住宅,,,,,第１種中高層住居専用地域,60.0,200.0,2012年第1四半期,未改装,,6.113943352306837
41002327,中古マンション等,,41201,佐賀県,佐賀市,新栄東,佐賀,30分?60分,３ＬＤＫ,70,,,,平成15年,ＲＣ,住宅,住宅,,,,準住居地域,60.0,200.0,2018年第1四半期,未改装,,7.204119982655925
41018444,中古マンション等,,41201,佐賀県,佐賀市,松原,佐賀,19,４ＬＤＫ,85,,,,平成13年,ＳＲＣ,住宅,住宅,,,,商業地域,80.0,400.0,2015年第1四半期,未改装,,7.204119982655925
41006134,中古マンション等,,41202,佐賀県,唐津市,松南町,東唐津,4,１ＤＫ,70,,,,平成3年,ＳＲＣ,住宅,住宅,,,,第１種中高層住居専用地域,60.0,200.0,2017年第2四半期,改装済,,6.812913356642856
41002540,中古マンション等,,41201,佐賀県,佐賀市,高木瀬町,佐賀,16,３ＬＤＫ,75,,,,,ＲＣ,住宅,住宅,,,,第２種住居地域,60.0,200.0,2020年第4四半期,改装済,,7.176091259055681
41018398,中古マンション等,,41201,佐賀県,佐賀市,堀川町,佐賀,25,３ＬＤＫ,55,,,,平成3年,ＳＲＣ,住宅,住宅,,,,商業地域,80.0,400.0,2015年第1四半期,未改装,,6.929418925714293
41001437,中古マンション等,,41201,佐賀県,佐賀市,兵庫町,佐賀,20,３ＬＤＫ,75,,,,平成19年,ＲＣ,住宅,,,,,第１種住居地域,60.0,200.0,2010年第4四半期,未改装,,7.278753600952829
41003334,中古マンション等,,41202,佐賀県,唐津市,栄町,唐津,13,２ＬＤＫ,85,,,,平成7年,ＲＣ,住宅,住宅,,,,商業地域,80.0,400.0,2014年第3四半期,改装済,,7.146128035678238
41002212,中古マンション等,,41201,佐賀県,佐賀市,呉服元町,佐賀,23,２ＬＤＫ,55,,,,平成17年,,住宅,住宅,,,,商業地域,80.0,400.0,2018年第1四半期,未改装,,7.113943352306837
41002282,中古マンション等,,41201,佐賀県,佐賀市,城内,佐賀,29,３ＬＤＫ,65,,,,昭和63年,ＲＣ,住宅,住宅,,,,第１種住居地域,60.0,200.0,2018年第2四半期,未改装,,6.857332496431268
41028393,中古マンション等,,41201,佐賀県,佐賀市,鍋島,鍋島,30分?60分,４ＬＤＫ＋Ｓ,120,,,,平成13年,ＲＣ,住宅,,,,,第１種住居地域,60.0,200.0,2007年第4四半期,改装済,,7.3222192947339195
41020117,中古マンション等,,41201,佐賀県,佐賀市,松原,佐賀,28,３ＬＤＫ,65,,,,平成5年,ＲＣ,住宅,住宅,,,,商業地域,80.0,400.0,2016年第3四半期,未改装,,6.799340549453582
41002773,中古マンション等,,41201,佐賀県,佐賀市,唐人,佐賀,8,２ＬＤＫ,55,,,,平成2年,ＳＲＣ,住宅,住宅,,,,商業地域,80.0,400.0,2022年第2四半期,未改装,,6.919078092376074
41000803,中古マンション等,,41201,佐賀県,佐賀市,大財,佐賀,18,オープンフロア,50,,,,,,店舗,店舗,,,,商業地域,80.0,400.0,2019年第1四半期,未改装,,6.845098040014257
41026403,中古マンション等,,41201,佐賀県,佐賀市,愛敬町,佐賀,8,３ＬＤＫ,70,,,,昭和62年,ＳＲＣ,住宅,,,,,商業地域,80.0,400.0,2009年第1四半期,改装済,,6.826074802700826
41028563,中古マンション等,,41201,佐賀県,佐賀市,堀川町,佐賀,26,３ＤＫ,55,,,,平成7年,ＳＲＣ,住宅,,,,,商業地域,80.0,400.0,2008年第3四半期,,,6.8750612633917
41018597,中古マンション等,,41201,佐賀県,佐賀市,駅前中央,佐賀,5,３ＬＤＫ,80,,,,平成21年,ＲＣ,住宅,,,,,商業地域,80.0,400.0,2012年第2四半期,未改装,,7.230448921378274
41000775,中古マンション等,,41201,佐賀県,佐賀市,大財,佐賀,7,４ＬＤＫ,95,,,,,ＲＣ,,住宅,,,,商業地域,80.0,400.0,2021年第1四半期,,,7.447158031342219
41007098,中古マンション等,,41202,佐賀県,唐津市,東町,和多田,9,４ＬＤＫ,90,,,,平成13年,ＲＣ,住宅,住宅,,,,第１種住居地域,60.0,200.0,2017年第1四半期,未改装,,7.204119982655925
41002285,中古マンション等,,41201,佐賀県,佐賀市,白山,佐賀,15,３ＬＤＫ,65,,,,昭和60年,ＲＣ,住宅,住宅,,,,商業地域,80.0,400.0,2022年第2四半期,未改装,,6.518513939877887
41000009,中古マンション等,,41201,佐賀県,佐賀市,伊勢町,佐賀,23,３ＬＤＫ,70,,,,平成6年,ＲＣ,住宅,,,,,第１種住居地域,60.0,200.0,2014年第1四半期,未改装,調停・競売等,6.919078092376074
41000491,中古マンション等,,41201,佐賀県,佐賀市,白山,佐賀,17,１Ｋ,30,,,,昭和60年,ＲＣ,住宅,,,,,商業地域,80.0,400.0,2010年第1四半期,未改装,,6.146128035678238
41002112,中古マンション等,,41201,佐賀県,佐賀市,神野東,佐賀,6,３ＬＤＫ,60,,,,昭和58年,ＳＲＣ,住宅,住宅,,,,商業地域,80.0,400.0,2017年第1四半期,未改装,,6.698970004336019
41024212,中古マンション等,,41201,佐賀県,佐賀市,大財,佐賀,17,３ＬＤＫ,80,,,,平成13年,ＲＣ,住宅,,,,,第１種住居地域,60.0,200.0,2013年第3四半期,未改装,,7.204119982655925
41006072,中古マンション等,,41202,佐賀県,唐津市,栄町,和多田,18,３ＬＤＫ,65,,,,昭和61年,ＲＣ,住宅,住宅,,,,商業地域,80.0,400.0,2017年第3四半期,未改装,,6.812913356642856
41000843,中古マンション等,,41201,佐賀県,佐賀市,鬼丸町,佐賀,30分?60分,３ＬＤＫ,85,,,,平成18年,ＲＣ,,住宅,,,,第１種中高層住居専用地域,60.0,200.0,2020年第2四半期,改装済,,7.301029995663981
41001482,中古マンション等,,41201,佐賀県,佐賀市,水ヶ江,佐賀,25,３ＬＤＫ,65,,,,平成19年,ＲＣ,住宅,住宅,,,,商業地域,80.0,400.0,2014年第3四半期,改装済,,7.204119982655925
41015347,中古マンション等,,41202,佐賀県,唐津市,新興町,唐津,5,３ＬＤＫ,90,,,,平成9年,ＲＣ,住宅,,,,,市街化区域及び市街化調整区域外の都市計画区域,,,2011年第1四半期,改装済,,7.113943352306837
41002880,中古マンション等,,41201,佐賀県,佐賀市,鍋島,佐賀,30分?60分,４ＬＤＫ,95,,,,平成12年,ＲＣ,住宅,住宅,,,,第２種中高層住居専用地域,60.0,200.0,2019年第2四半期,未改装,,7.2552725051033065
41017956,中古マンション等,,41201,佐賀県,佐賀市,鬼丸町,佐賀,30分?60分,３ＬＤＫ,80,,,,平成18年,ＲＣ,住宅,住宅,,,,第１種中高層住居専用地域,60.0,200.0,2015年第1四半期,未改装,,7.2552725051033065
41000824,中古マンション等,,41201,佐賀県,佐賀市,大財,佐賀,16,３ＬＤＫ,65,,,,平成3年,ＳＲＣ,住宅,住宅,,,,商業地域,80.0,400.0,2017年第1四半期,改装済,,7.0
41000850,中古マンション等,,41201,佐賀県,佐賀市,鬼丸町,佐賀,30分?60分,３ＬＤＫ,70,,,,昭和64年,ＲＣ,住宅,住宅,,,,第１種中高層住居専用地域,60.0,500.0,2018年第3四半期,未改装,,6.903089986991944
41002787,中古マンション等,,41201,佐賀県,佐賀市,唐人,佐賀,8,２ＬＤＫ,60,,,,平成2年,ＳＲＣ,,住宅,,,,商業地域,80.0,400.0,2019年第2四半期,,,6.886490725172482
41026575,中古マンション等,,41201,佐賀県,佐賀市,田代,佐賀,30分?60分,３ＬＤＫ,75,,,,昭和64年,ＳＲＣ,住宅,,,,,近隣商業地域,80.0,200.0,2009年第4四半期,改装済,,6.8061799739838875
41004126,中古マンション等,,41201,佐賀県,佐賀市,松原,佐賀,28,３ＬＤＫ,65,,,,平成5年,ＲＣ,住宅,住宅,,,,商業地域,80.0,400.0,2018年第3四半期,未改装,,6.892094602690481
41003548,中古マンション等,,41201,佐賀県,佐賀市,兵庫北,佐賀,13,３ＬＤＫ,65,,,,平成9年,ＳＲＣ,住宅,住宅,,,,第１種住居地域,60.0,200.0,2021年第2四半期,未改装,,7.146128035678238
41018372,中古マンション等,,41201,佐賀県,佐賀市,兵庫北,佐賀,24,４ＬＤＫ,80,,,,平成20年,ＲＣ,住宅,住宅,,,,第１種住居地域,60.0,200.0,2015年第1四半期,改装済,,7.278753600952829
41026431,中古マンション等,,41201,佐賀県,佐賀市,開成,佐賀,30分?60分,４ＬＤＫ,110,,,,平成13年,ＲＣ,住宅,,,,,第１種中高層住居専用地域,60.0,200.0,2009年第1四半期,未改装,,7.301029995663981
41001113,中古マンション等,,41201,佐賀県,佐賀市,堀川町,佐賀,23,３ＬＤＫ,75,,,,平成24年,ＲＣ,住宅,住宅,,,,商業地域,80.0,400.0,2014年第4四半期,未改装,,7.342422680822207
41017924,中古マンション等,,41201,佐賀県,佐賀市,大財,佐賀,14,２ＬＤＫ,70,,,,平成8年,ＳＲＣ,住宅,住宅,,,,第２種住居地域,60.0,200.0,2015年第4四半期,改装済,,7.079181246047625
41019367,中古マンション等,,41201,佐賀県,佐賀市,呉服元町,佐賀,21,２ＬＤＫ,55,,,,平成17年,ＲＣ,住宅,住宅,,,,商業地域,80.0,400.0,2016年第1四半期,未改装,,7.079181246047625
41018472,中古マンション等,,41201,佐賀県,佐賀市,諸富町大字徳富,佐賀,1H30?2H,１ＬＤＫ,100,,,,平成24年,ＲＣ,住宅,,,,,準工業地域,60.0,200.0,2015年第3四半期,,,7.505149978319906
41024244,中古マンション等,,41201,佐賀県,佐賀市,卸本町,佐賀,30分?60分,３ＬＤＫ,70,,,,平成19年,ＲＣ,住宅,,,,,準工業地域,60.0,200.0,2013年第2四半期,未改装,,7.079181246047625
41002882,中古マンション等,,41201,佐賀県,佐賀市,鍋島,佐賀,30分?60分,３ＬＤＫ,70,,,,平成9年,ＲＣ,住宅,住宅,,,,第２種住居地域,60.0,200.0,2018年第4四半期,未改装,,7.079181246047625
41000298,中古マンション等,,41201,佐賀県,佐賀市,神野東,佐賀,8,１ＤＫ,25,,,,昭和59年,鉄骨造,住宅,住宅,,,,商業地域,80.0,400.0,2014年第2四半期,未改装,,6.2552725051033065
41018828,中古マンション等,,41201,佐賀県,佐賀市,駅前中央,佐賀,6,３ＬＤＫ,65,,,,平成7年,ＳＲＣ,住宅,住宅,,,,商業地域,80.0,400.0,2016年第3四半期,未改装,,7.0
41019293,中古マンション等,,41201,佐賀県,佐賀市,天神,佐賀,6,,60,,,,戦前,ＳＲＣ,住宅,,,,,商業地域,80.0,400.0,2012年第4四半期,未改装,,6.977723605288848
41019262,中古マンション等,,41201,佐賀県,佐賀市,田代,佐賀,30分?60分,オープンフロア,75,,,,昭和64年,ＳＲＣ,店舗,,,,,近隣商業地域,80.0,200.0,2012年第4四半期,改装済,,6.812913356642856
41000021,中古マンション等,,41201,佐賀県,佐賀市,大財,佐賀,16,４ＬＤＫ,90,,,,平成2年,ＲＣ,住宅,住宅,,,,商業地域,80.0,400.0,2014年第3四半期,未改装,,7.0
41001491,中古マンション等,,41201,佐賀県,佐賀市,水ヶ江,佐賀,30分?60分,３ＬＤＫ,80,,,,昭和64年,ＲＣ,住宅,その他,,,,近隣商業地域,80.0,200.0,2014年第2四半期,改装済,,7.0
41005199,中古マンション等,,41201,佐賀県,佐賀市,若宮,佐賀,26,４ＬＤＫ,95,,,,平成13年,ＲＣ,,住宅,,,,第２種中高層住居専用地域,60.0,200.0,2019年第2四半期,未改装,,7.204119982655925
41002306,中古マンション等,,41201,佐賀県,佐賀市,白山,佐賀,16,２ＬＤＫ,60,,,,平成10年,ＳＲＣ,住宅,住宅,,,,商業地域,80.0,500.0,2017年第1四半期,未改装,,7.041392685158225
41018442,中古マンション等,,41201,佐賀県,佐賀市,松原,佐賀,28,２ＤＫ,40,,,,平成4年,ＳＲＣ,住宅,その他,,,,商業地域,80.0,400.0,2015年第1四半期,未改装,,6.672097857935717
41004111,中古マンション等,,41201,佐賀県,佐賀市,松原,佐賀,19,３ＬＤＫ,100,,,,平成13年,ＳＲＣ,住宅,住宅,,,,商業地域,80.0,400.0,2020年第4四半期,改装済,,7.3222192947339195
41024538,中古マンション等,,41201,佐賀県,佐賀市,鍋島,佐賀,30分?60分,３ＬＤＫ,70,,,,平成9年,ＲＣ,住宅,,,,,第２種住居地域,60.0,200.0,2013年第4四半期,未改装,調停・競売等,6.977723605288848
41019772,中古マンション等,,41201,佐賀県,佐賀市,本庄町,佐賀,30分?60分,２ＬＤＫ,50,,,,昭和61年,ＲＣ,住宅,,,,,第２種住居地域,60.0,200.0,2012年第4四半期,改装済,,6.748188027006201
41021256,中古マンション等,,41202,佐賀県,唐津市,東町,和多田,15,,80,,,,平成13年,ＲＣ,住宅,,,,,準工業地域,60.0,200.0,2016年第4四半期,未改装,,7.176091259055681
41026738,中古マンション等,,41201,佐賀県,佐賀市,水ヶ江,佐賀,30分?60分,４ＬＤＫ,85,,,,平成12年,ＲＣ,住宅,,,,,近隣商業地域,80.0,200.0,2009年第4四半期,未改装,調停・競売等,6.9084850188786495
41002887,中古マンション等,,41201,佐賀県,佐賀市,鍋島,佐賀,30分?60分,２ＬＤＫ,55,,,,平成19年,ＲＣ,住宅,住宅,,,,第２種住居地域,60.0,200.0,2018年第1四半期,未改装,,7.146128035678238
41024436,中古マンション等,,41201,佐賀県,佐賀市,神野東,佐賀,5,４ＤＫ,60,,,,昭和58年,ＳＲＣ,住宅,,,,,商業地域,80.0,400.0,2013年第4四半期,未改装,,6.869231719730976
41011823,中古マンション等,,41201,佐賀県,佐賀市,天神,佐賀,11,４ＬＤＫ,90,,,,平成14年,ＲＣ,住宅,,,,,商業地域,80.0,400.0,2011年第4四半期,未改装,調停・競売等,7.204119982655925
41018834,中古マンション等,,41201,佐賀県,佐賀市,駅前中央,佐賀,5,３ＬＤＫ,80,,,,平成21年,ＲＣ,住宅,住宅,,,,商業地域,80.0,400.0,2016年第1四半期,未改装,,7.3222192947339195
41018832,中古マンション等,,41202,佐賀県,唐津市,新興町,唐津,0,３ＬＤＫ,70,,,,平成16年,ＲＣ,住宅,住宅,,,,商業地域,80.0,400.0,2015年第4四半期,未改装,,7.204119982655925
41028317,中古マンション等,,41201,佐賀県,佐賀市,新中町,佐賀,16,３ＬＤＫ,70,,,,平成19年,ＲＣ,住宅,,,,,第２種住居地域,60.0,200.0,2007年第3四半期,未改装,,7.230448921378274
41018450,中古マンション等,,41201,佐賀県,佐賀市,水ヶ江,佐賀,25,４ＬＤＫ,85,,,,平成19年,ＲＣ,住宅,住宅,,,,商業地域,80.0,400.0,2015年第4四半期,改装済,,7.278753600952829
41018627,中古マンション等,,41201,佐賀県,佐賀市,大財,佐賀,13,４ＬＤＫ,90,,,,平成11年,ＳＲＣ,住宅,,,,,商業地域,80.0,400.0,2012年第1四半期,未改装,,7.113943352306837
41006579,中古マンション等,,41202,佐賀県,唐津市,西城内,唐津,13,３ＬＤＫ,75,,,,平成15年,ＳＲＣ,住宅,住宅,,,,第１種住居地域,60.0,200.0,2020年第3四半期,未改装,,7.278753600952829
41019980,中古マンション等,,41201,佐賀県,佐賀市,兵庫南,佐賀,30分?60分,４ＬＤＫ,100,,,,平成10年,ＲＣ,住宅,住宅,,,,第２種住居地域,60.0,200.0,2016年第2四半期,未改装,,7.230448921378274
41000871,中古マンション等,,41201,佐賀県,佐賀市,卸本町,佐賀,30分?60分,２ＬＤＫ,55,,,,平成19年,,住宅,住宅,,,,準工業地域,60.0,200.0,2018年第4四半期,未改装,,7.079181246047625
41028315,中古マンション等,,41201,佐賀県,佐賀市,新中町,佐賀,16,４ＬＤＫ,75,,,,平成19年,ＲＣ,住宅,,,,,第２種住居地域,60.0,200.0,2007年第4四半期,未改装,,7.278753600952829
41021255,中古マンション等,,41202,佐賀県,唐津市,東城内,唐津,15,４ＬＤＫ,90,,,,平成18年,ＲＣ,住宅,住宅,,,,第１種住居地域,60.0,200.0,2016年第1四半期,未改装,,7.414973347970818
41000113,中古マンション等,,41201,佐賀県,佐賀市,大財,佐賀,15,１ＤＫ,25,,,,昭和62年,ＲＣ,住宅,,,,,商業地域,80.0,400.0,2010年第1四半期,改装済,,6.230448921378274
41000696,中古マンション等,,41201,佐賀県,佐賀市,駅前中央,佐賀,2,３ＬＤＫ,70,,,,平成17年,ＲＣ,,住宅,,,,商業地域,80.0,500.0,2022年第2四半期,改装済,,7.278753600952829
41004119,中古マンション等,,41201,佐賀県,佐賀市,松原,佐賀,19,４ＬＤＫ,85,,,,平成13年,ＳＲＣ,住宅,住宅,,,,商業地域,80.0,400.0,2019年第4四半期,未改装,,7.2552725051033065
41001115,中古マンション等,,41201,佐賀県,佐賀市,堀川町,佐賀,25,３ＬＤＫ,55,,,,平成7年,ＳＲＣ,住宅,住宅,,,,商業地域,80.0,400.0,2014年第3四半期,改装済,,6.838849090737256
41003578,中古マンション等,,41201,佐賀県,佐賀市,兵庫北,佐賀,21,３ＬＤＫ,75,,,,平成19年,ＲＣ,住宅,その他,,,,第１種住居地域,60.0,200.0,2017年第1四半期,未改装,,7.278753600952829
41019845,中古マンション等,,41201,佐賀県,佐賀市,水ヶ江,佐賀,30分?60分,３ＬＤＫ,75,,,,平成18年,ＲＣ,住宅,,,,,近隣商業地域,80.0,200.0,2012年第4四半期,改装済,,7.204119982655925
41006584,中古マンション等,,41202,佐賀県,唐津市,西城内,唐津,9,３ＬＤＫ,65,,,,平成3年,ＳＲＣ,住宅,その他,,,,第１種住居地域,60.0,200.0,2019年第2四半期,改装済,,7.113943352306837
41006046,中古マンション等,,41202,佐賀県,唐津市,材木町,唐津,11,４ＬＤＫ,90,,,,平成15年,ＲＣ,,住宅,,,,商業地域,80.0,400.0,2021年第3四半期,,,7.361727836017593
41026812,中古マンション等,,41201,佐賀県,佐賀市,若宮,佐賀,30分?60分,３ＬＤＫ,75,,,,平成13年,ＲＣ,住宅,,,,,第２種中高層住居専用地域,60.0,200.0,2009年第4四半期,改装済,,7.146128035678238
41001629,中古マンション等,,41201,佐賀県,佐賀市,堀川町,佐賀,24,４ＬＤＫ,70,,,,平成3年,ＳＲＣ,住宅,,,,,商業地域,80.0,400.0,2010年第3四半期,改装済,,6.99563519459755
41018799,中古マンション等,,41202,佐賀県,唐津市,栄町,和多田,18,３ＬＤＫ,65,,,,昭和61年,ＲＣ,住宅,住宅,,,,商業地域,80.0,400.0,2015年第1四半期,未改装,,6.698970004336019
41000031,中古マンション等,,41201,佐賀県,佐賀市,開成,佐賀,30分?60分,４ＬＤＫ,80,,,,平成13年,ＲＣ,住宅,住宅,,,,第１種中高層住居専用地域,60.0,200.0,2014年第3四半期,未改装,,7.146128035678238
41006065,中古マンション等,,41202,佐賀県,唐津市,栄町,唐津,14,,45,,,,,,,住宅,,,,商業地域,80.0,400.0,2021年第2四半期,未改装,,6.8750612633917
41027021,中古マンション等,,41202,佐賀県,唐津市,東城内,唐津,15,３ＬＤＫ,65,,,,平成18年,ＲＣ,住宅,,,,,第１種住居地域,60.0,200.0,2009年第1四半期,未改装,,6.698970004336019
41004137,中古マンション等,,41201,佐賀県,佐賀市,松原,佐賀,26,２ＤＫ,35,,,,平成4年,ＳＲＣ,,住宅,,,,商業地域,80.0,400.0,2017年第3四半期,未改装,,6.7558748556724915
41019057,中古マンション等,,41201,佐賀県,佐賀市,神野東,佐賀,7,３ＬＤＫ,75,,,,平成13年,ＲＣ,住宅,,,,,第２種住居地域,60.0,200.0,2012年第2四半期,未改装,調停・競売等,7.146128035678238
41002303,中古マンション等,,41201,佐賀県,佐賀市,白山,佐賀,18,２ＬＤＫ,60,,,,平成10年,ＳＲＣ,住宅,住宅,,,,商業地域,80.0,500.0,2017年第4四半期,改装済,,6.963787827345556
41018155,中古マンション等,,41201,佐賀県,佐賀市,巨勢町,佐賀,30分?60分,３ＬＤＫ,60,,,,平成19年,ＲＣ,住宅,住宅,,,,準工業地域,60.0,200.0,2015年第2四半期,未改装,,7.176091259055681
41002044,中古マンション等,,41201,佐賀県,佐賀市,神野西,佐賀,7,３ＬＤＫ,75,,,,平成26年,ＲＣ,住宅,住宅,,,,商業地域,80.0,400.0,2020年第1四半期,未改装,,7.342422680822207
41000597,中古マンション等,,41201,佐賀県,佐賀市,西田代,佐賀,28,３ＬＤＫ,65,,,,昭和59年,ＲＣ,住宅,その他,,,,第１種住居地域,60.0,200.0,2014年第4四半期,未改装,,6.8750612633917
41000354,中古マンション等,,41201,佐賀県,佐賀市,栄町,佐賀,4,１ＬＤＫ,40,,,,,ＳＲＣ,住宅,,,,,商業地域,80.0,400.0,2014年第1四半期,改装済,,6.732393759822968
41011446,中古マンション等,,41201,佐賀県,佐賀市,新中町,佐賀,16,４ＬＤＫ,85,,,,平成19年,ＲＣ,住宅,,,,,第２種住居地域,60.0,200.0,2011年第4四半期,未改装,,7.301029995663981
41026596,中古マンション等,,41201,佐賀県,佐賀市,鍋島,佐賀,30分?60分,３ＬＤＫ,70,,,,平成9年,ＲＣ,住宅,,,,,第２種住居地域,60.0,200.0,2009年第4四半期,未改装,,6.944482672150168
41000820,中古マンション等,,41201,佐賀県,佐賀市,大財,佐賀,12,３ＬＤＫ,90,,,,平成11年,,住宅,,,,,商業地域,80.0,400.0,2017年第4四半期,未改装,,7.176091259055681
41013577,中古マンション等,,41201,佐賀県,佐賀市,水ヶ江,佐賀,25,４ＬＤＫ,75,,,,平成19年,ＲＣ,住宅,,,,,商業地域,80.0,400.0,2011年第1四半期,未改装,,7.2552725051033065
41024445,中古マンション等,,41201,佐賀県,佐賀市,巨勢町,佐賀,30分?60分,４ＬＤＫ,80,,,,平成19年,ＲＣ,住宅,,,,,準工業地域,60.0,200.0,2013年第4四半期,未改装,,7.278753600952829
41028312,中古マンション等,,41201,佐賀県,佐賀市,新中町,佐賀,16,４ＬＤＫ,85,,,,平成19年,ＲＣ,住宅,,,,,準住居地域,60.0,200.0,2007年第4四半期,未改装,,7.431363764158987
41003382,中古マンション等,,41201,佐賀県,佐賀市,八幡小路,佐賀,16,３ＬＤＫ,65,,,,昭和64年,ＲＣ,住宅,住宅,,,,第１種住居地域,60.0,200.0,2017年第3四半期,改装済,,6.954242509439325
41000615,中古マンション等,,41201,佐賀県,佐賀市,唐人,佐賀,8,３ＬＤＫ,70,,,,平成2年,ＳＲＣ,住宅,,,,,商業地域,80.0,400.0,2010年第2四半期,未改装,調停・競売等,6.681241237375588
41000635,中古マンション等,,41201,佐賀県,佐賀市,鍋島,佐賀,30分?60分,３ＬＤＫ,70,,,,平成20年,ＲＣ,住宅,,,,,第２種住居地域,60.0,200.0,2010年第2四半期,未改装,,7.230448921378274
41018474,中古マンション等,,41201,佐賀県,佐賀市,諸富町大字徳富,佐賀,1H30?2H,１Ｋ,15,,,,平成24年,ＲＣ,住宅,,,,,準工業地域,60.0,200.0,2015年第3四半期,,,6.681241237375588
41003712,中古マンション等,,41201,佐賀県,佐賀市,兵庫南,佐賀,30分?60分,３ＬＤＫ,75,,,,,ＲＣ,住宅,住宅,,,,第１種住居地域,60.0,200.0,2021年第1四半期,改装済,,7.204119982655925
41013355,中古マンション等,,41201,佐賀県,佐賀市,本庄町,佐賀,30分?60分,４ＬＤＫ,85,,,,平成9年,ＲＣ,住宅,,,,,第１種住居地域,60.0,200.0,2011年第3四半期,未改装,調停・競売等,7.079181246047625
41003735,中古マンション等,,41201,佐賀県,佐賀市,兵庫南,佐賀,26,３ＬＤＫ,80,,,,平成21年,ＲＣ,住宅,住宅,,,,第１種住居地域,60.0,200.0,2018年第2四半期,,,7.278753600952829
41028255,中古マンション等,,41201,佐賀県,佐賀市,神野東,佐賀,8,３ＬＤＫ,75,,,,平成13年,ＲＣ,住宅,,,,,第２種住居地域,60.0,200.0,2008年第4四半期,改装済,,7.146128035678238
41018181,中古マンション等,,41201,佐賀県,佐賀市,白山,佐賀,18,３ＬＤＫ,70,,,,平成10年,ＳＲＣ,住宅,住宅,,,,商業地域,80.0,500.0,2015年第2四半期,未改装,,7.079181246047625
41002779,中古マンション等,,41201,佐賀県,佐賀市,唐人,佐賀,9,３ＬＤＫ,75,,,,,,住宅,住宅,,,,商業地域,80.0,400.0,2021年第3四半期,未改装,,7.301029995663981
41018262,中古マンション等,,41201,佐賀県,佐賀市,鍋島,佐賀,30分?60分,３ＬＤＫ,70,,,,平成9年,ＲＣ,住宅,住宅,,,,第２種住居地域,60.0,200.0,2015年第2四半期,未改装,,7.079181246047625
41025003,中古マンション等,,41202,佐賀県,唐津市,松南町,東唐津,3,４ＬＤＫ,95,,,,平成3年,ＳＲＣ,住宅,,,,,第１種中高層住居専用地域,60.0,200.0,2013年第1四半期,未改装,,7.041392685158225
41002105,中古マンション等,,41201,佐賀県,佐賀市,神野東,佐賀,8,,75,,,,平成13年,ＲＣ,住宅,住宅,,,,第２種住居地域,60.0,200.0,2018年第4四半期,未改装,,7.204119982655925
41000473,中古マンション等,,41201,佐賀県,佐賀市,栄町,佐賀,4,１ＤＫ,30,,,,平成2年,ＳＲＣ,住宅,,,,,商業地域,80.0,500.0,2010年第4四半期,改装済,,6.544068044350276
41011371,中古マンション等,,41201,佐賀県,佐賀市,白山,佐賀,16,２ＬＤＫ,75,,,,平成10年,ＳＲＣ,住宅,,,,,商業地域,80.0,500.0,2011年第1四半期,改装済,,6.968482948553935
41024435,中古マンション等,,41201,佐賀県,佐賀市,神野東,佐賀,2,３ＬＤＫ,70,,,,平成10年,ＳＲＣ,住宅,,,,,商業地域,80.0,500.0,2013年第4四半期,未改装,,7.204119982655925
41004123,中古マンション等,,41201,佐賀県,佐賀市,松原,佐賀,21,３ＬＤＫ,80,,,,平成9年,ＳＲＣ,住宅,住宅,,,,商業地域,80.0,400.0,2019年第1四半期,未改装,,7.230448921378274
41026409,中古マンション等,,41201,佐賀県,佐賀市,駅南本町,佐賀,7,４ＬＤＫ,85,,,,戦前,ＳＲＣ,住宅,,,,,商業地域,80.0,400.0,2009年第2四半期,未改装,,7.414973347970818
41018445,中古マンション等,,41201,佐賀県,佐賀市,松原,佐賀,19,３ＬＤＫ,80,,,,平成9年,ＳＲＣ,住宅,住宅,,,,商業地域,80.0,400.0,2015年第1四半期,未改装,,7.204119982655925
41024990,中古マンション等,,41202,佐賀県,唐津市,栄町,唐津,13,３ＤＫ,45,,,,昭和63年,ＲＣ,住宅,,,,,商業地域,80.0,300.0,2013年第4四半期,,,6.681241237375588
41002097,中古マンション等,,41201,佐賀県,佐賀市,神野東,佐賀,7,オープンフロア,115,,,,昭和59年,鉄骨造,店舗,事務所,,,,商業地域,80.0,400.0,2019年第2四半期,未改装,,6.968482948553935
41001110,中古マンション等,,41201,佐賀県,佐賀市,堀川町,佐賀,25,３ＬＤＫ,65,,,,平成3年,ＳＲＣ,住宅,住宅,,,,商業地域,80.0,400.0,2014年第4四半期,未改装,,6.913813852383717
41002055,中古マンション等,,41201,佐賀県,佐賀市,神野西,佐賀,16,３ＬＤＫ,70,,,,平成10年,ＲＣ,住宅,住宅,,,,第１種中高層住居専用地域,60.0,200.0,2019年第2四半期,未改装,,7.146128035678238
41005224,中古マンション等,,41201,佐賀県,佐賀市,若宮,佐賀,28,４ＬＤＫ,95,,,,平成13年,ＲＣ,住宅,住宅,,,,第２種中高層住居専用地域,60.0,200.0,2017年第3四半期,改装済,,7.2552725051033065
41000634,中古マンション等,,41201,佐賀県,佐賀市,鍋島,佐賀,30分?60分,３ＬＤＫ,70,,,,平成9年,ＲＣ,住宅,,,,,第２種住居地域,60.0,200.0,2010年第2四半期,未改装,,7.041392685158225
41018443,中古マンション等,,41201,佐賀県,佐賀市,松原,佐賀,19,４ＬＤＫ,100,,,,平成13年,ＳＲＣ,住宅,住宅,,,,商業地域,80.0,400.0,2015年第1四半期,,,7.2552725051033065
41004128,中古マンション等,,41201,佐賀県,佐賀市,松原,佐賀,28,１Ｋ,15,,,,平成4年,ＳＲＣ,住宅,住宅,,,,商業地域,80.0,400.0,2018年第2四半期,未改装,,6.414973347970818
41028262,中古マンション等,,41201,佐賀県,佐賀市,神野東,佐賀,2,３ＬＤＫ,75,,,,平成10年,ＳＲＣ,住宅,,,,,商業地域,80.0,500.0,2008年第1四半期,未改装,,7.113943352306837
41021083,中古マンション等,,41202,佐賀県,唐津市,西城内,唐津,11,３ＬＤＫ,80,,,,昭和64年,ＲＣ,住宅,住宅,,,,第１種住居地域,60.0,200.0,2016年第1四半期,未改装,,6.944482672150168
41006068,中古マンション等,,41202,佐賀県,唐津市,栄町,唐津,13,３ＤＫ,45,,,,昭和63年,ＲＣ,住宅,住宅,,,,商業地域,80.0,400.0,2019年第2四半期,未改装,,6.698970004336019
41013026,中古マンション等,,41201,佐賀県,佐賀市,兵庫南,佐賀,28,３ＬＤＫ,65,,,,平成12年,ＲＣ,住宅,,,,,第１種中高層住居専用地域,60.0,200.0,2011年第1四半期,改装済,,7.113943352306837
41018261,中古マンション等,,41201,佐賀県,佐賀市,鍋島,佐賀,30分?60分,３ＬＤＫ,70,,,,平成12年,ＲＣ,住宅,住宅,,,,第２種住居地域,,,2015年第3四半期,未改装,,7.079181246047625
41002078,中古マンション等,,41201,佐賀県,佐賀市,神野東,佐賀,8,,70,,,,昭和60年,ＳＲＣ,,住宅,,,,商業地域,80.0,400.0,2021年第2四半期,,,6.919078092376074
41000553,中古マンション等,,41201,佐賀県,佐賀市,高木瀬町,佐賀,16,３ＬＤＫ,75,,,,平成18年,ＲＣ,住宅,,,,,第２種住居地域,60.0,200.0,2010年第3四半期,改装済,,7.204119982655925
41019396,中古マンション等,,41201,佐賀県,佐賀市,栄町,佐賀,4,１ＤＫ,30,,,,平成2年,ＳＲＣ,住宅,住宅,,,,商業地域,80.0,400.0,2016年第3四半期,,,6.633468455579586
41018864,中古マンション等,,41201,佐賀県,佐賀市,大財,佐賀,18,４ＬＤＫ,90,,,,平成13年,ＲＣ,住宅,住宅,,,,第１種住居地域,60.0,200.0,2016年第3四半期,未改装,,7.204119982655925
41018645,中古マンション等,,41201,佐賀県,佐賀市,卸本町,佐賀,30分?60分,２ＬＤＫ,55,,,,平成19年,ＲＣ,住宅,,,,,準工業地域,60.0,200.0,2012年第4四半期,未改装,,7.0
41006577,中古マンション等,,41202,佐賀県,唐津市,西城内,唐津,10,４ＬＤＫ,85,,,,平成10年,,住宅,住宅,,,,第１種住居地域,60.0,200.0,2020年第4四半期,未改装,,7.278753600952829
41018142,中古マンション等,,41201,佐賀県,佐賀市,神野東,佐賀,4,３ＬＤＫ,75,,,,平成19年,ＳＲＣ,住宅,住宅,,,,商業地域,80.0,400.0,2015年第4四半期,改装済,,7.278753600952829
41018437,中古マンション等,,41201,佐賀県,佐賀市,松原,佐賀,21,４ＬＤＫ,90,,,,平成9年,ＳＲＣ,住宅,住宅,,,,商業地域,80.0,400.0,2015年第4四半期,未改装,,7.204119982655925
41002866,中古マンション等,,41201,佐賀県,佐賀市,鍋島,佐賀,30分?60分,３ＬＤＫ,95,,,,平成12年,ＲＣ,住宅,住宅,,,,第２種中高層住居専用地域,60.0,200.0,2021年第2四半期,改装済,,7.301029995663981
41004134,中古マンション等,,41202,佐賀県,唐津市,西城内,唐津,9,４ＬＤＫ,85,,,,平成10年,ＲＣ,住宅,,,,,第１種住居地域,60.0,200.0,2010年第3四半期,未改装,,7.3222192947339195
41000720,中古マンション等,,41201,佐賀県,佐賀市,駅前中央,佐賀,6,４ＬＤＫ,80,,,,平成7年,ＳＲＣ,住宅,住宅,,,,商業地域,80.0,400.0,2018年第3四半期,未改装,,7.146128035678238
41003891,中古マンション等,,41201,佐賀県,佐賀市,堀川町,佐賀,24,３ＬＤＫ,85,,,,平成24年,ＲＣ,住宅,住宅,,,,商業地域,80.0,400.0,2017年第3四半期,未改装,,7.3222192947339195
41028625,中古マンション等,,41201,佐賀県,佐賀市,水ヶ江,佐賀,30分?60分,オープンフロア,280,,,,昭和64年,ＲＣ,店舗,,,,,近隣商業地域,80.0,200.0,2008年第1四半期,未改装,,7.041392685158225
41000024,中古マンション等,,41201,佐賀県,佐賀市,大財,佐賀,24,３ＬＤＫ,70,,,,平成11年,ＲＣ,住宅,,,,,第１種住居地域,60.0,200.0,2014年第1四半期,改装済,,6.944482672150168
41026588,中古マンション等,,41201,佐賀県,佐賀市,天神,佐賀,8,３ＬＤＫ,60,,,,平成3年,ＳＲＣ,住宅,,,,,商業地域,80.0,400.0,2009年第2四半期,未改装,,6.929418925714293
41029262,中古マンション等,,41202,佐賀県,唐津市,山本,山本(佐賀),8,３ＬＤＫ,65,,,,平成14年,ＲＣ,住宅,,,,,市街化区域及び市街化調整区域外の都市計画区域,60.0,200.0,2008年第1四半期,未改装,,7.041392685158225
41019344,中古マンション等,,41201,佐賀県,佐賀市,神野東,佐賀,6,３ＬＤＫ,60,,,,昭和58年,ＳＲＣ,住宅,,,,,商業地域,80.0,400.0,2016年第3四半期,改装済,,6.929418925714293
41026546,中古マンション等,,41201,佐賀県,佐賀市,栄町,佐賀,4,２ＤＫ,40,,,,平成2年,ＳＲＣ,住宅,,,,,商業地域,80.0,400.0,2009年第3四半期,未改装,,6.826074802700826
41000025,中古マンション等,,41201,佐賀県,佐賀市,大財,佐賀,12,４ＬＤＫ,80,,,,平成11年,ＳＲＣ,住宅,,,,,商業地域,80.0,400.0,2014年第1四半期,改装済,,7.230448921378274
41001908,中古マンション等,,41201,佐賀県,佐賀市,松原,佐賀,28,３ＬＤＫ,65,,,,平成5年,ＲＣ,住宅,,,,,商業地域,80.0,400.0,2010年第4四半期,,調停・競売等,6.724275869600789
41019608,中古マンション等,,41201,佐賀県,佐賀市,唐人,佐賀,8,２ＬＤＫ,60,,,,平成2年,ＳＲＣ,住宅,住宅,,,,商業地域,80.0,400.0,2016年第4四半期,改装済,,6.8750612633917
41001499,中古マンション等,,41201,佐賀県,佐賀市,兵庫南,佐賀,27,３ＬＤＫ,70,,,,平成12年,ＲＣ,住宅,,,,,準住居地域,60.0,200.0,2010年第4四半期,未改装,調停・競売等,6.968482948553935
41018625,中古マンション等,,41201,佐賀県,佐賀市,大財,佐賀,16,３ＬＤＫ,60,,,,平成3年,ＳＲＣ,住宅,,,,,商業地域,80.0,400.0,2012年第2四半期,未改装,,6.929418925714293
41007559,中古マンション等,,41202,佐賀県,唐津市,和多田南先石,和多田,8,３ＬＤＫ,90,,,,平成13年,ＲＣ,住宅,住宅,,,,第１種住居地域,60.0,200.0,2022年第2四半期,未改装,,6.954242509439325
41026687,中古マンション等,,41201,佐賀県,佐賀市,兵庫南,佐賀,30分?60分,４ＬＤＫ,95,,,,平成11年,ＲＣ,住宅,,,,,第１種住居地域,60.0,200.0,2009年第3四半期,改装済,,7.176091259055681
41000125,中古マンション等,,41201,佐賀県,佐賀市,卸本町,佐賀,30分?60分,４ＬＤＫ,85,,,,平成14年,ＲＣ,住宅,,,,,準工業地域,60.0,200.0,2010年第3四半期,改装済,,7.230448921378274
41026916,中古マンション等,,41202,佐賀県,唐津市,松南町,東唐津,3,３ＬＤＫ,75,,,,平成3年,ＳＲＣ,住宅,,,,,第１種中高層住居専用地域,60.0,200.0,2009年第2四半期,未改装,,7.0
41003885,中古マンション等,,41201,佐賀県,佐賀市,堀川町,佐賀,25,３ＬＤＫ,65,,,,平成3年,ＳＲＣ,住宅,住宅,,,,商業地域,80.0,400.0,2019年第1四半期,改装済,,6.949390006644912
41003893,中古マンション等,,41201,佐賀県,佐賀市,堀川町,佐賀,25,２ＬＤＫ,55,,,,平成3年,ＳＲＣ,住宅,住宅,,,,商業地域,80.0,400.0,2017年第1四半期,改装済,,6.929418925714293
41003878,中古マンション等,,41201,佐賀県,佐賀市,堀川町,佐賀,23,２ＬＤＫ,55,,,,平成3年,ＲＣ,住宅,住宅,,,,商業地域,80.0,400.0,2021年第3四半期,改装済,,6.963787827345556
41028318,中古マンション等,,41201,佐賀県,佐賀市,新中町,,,,80,,,,,ＲＣ,住宅,,,,,第２種住居地域,60.0,200.0,2008年第1四半期,,,7.301029995663981
41003890,中古マンション等,,41201,佐賀県,佐賀市,堀川町,佐賀,2H?,３ＬＤＫ,60,,,,平成3年,ＳＲＣ,住宅,住宅,,,,商業地域,80.0,400.0,2017年第3四半期,未改装,,6.832508912706237
41018146,中古マンション等,,41201,佐賀県,佐賀市,神野東,佐賀,8,１ＤＫ,25,,,,昭和59年,鉄骨造,住宅,住宅,,,,商業地域,80.0,400.0,2015年第1四半期,未改装,,6.278753600952829
41002874,中古マンション等,,41201,佐賀県,佐賀市,鍋島,佐賀,30分?60分,３ＬＤＫ,70,,,,平成19年,ＳＲＣ,,住宅,,,,第１種住居地域,60.0,200.0,2020年第2四半期,未改装,,7.230448921378274
41026917,中古マンション等,,41202,佐賀県,唐津市,松南町,東唐津,3,３ＬＤＫ,75,,,,平成3年,ＳＲＣ,住宅,,,,,第１種中高層住居専用地域,60.0,200.0,2009年第2四半期,改装済,,7.146128035678238
41004192,中古マンション等,,41201,佐賀県,佐賀市,水ヶ江,佐賀,30分?60分,３ＬＤＫ,70,,,,平成12年,ＲＣ,住宅,住宅,,,,近隣商業地域,80.0,200.0,2018年第3四半期,改装済,,7.176091259055681
41019291,中古マンション等,,41201,佐賀県,佐賀市,天神,佐賀,8,３ＬＤＫ,60,,,,平成3年,ＳＲＣ,住宅,,,,,商業地域,80.0,400.0,2012年第4四半期,未改装,調停・競売等,6.414973347970818
41000897,中古マンション等,,41201,佐賀県,佐賀市,開成,佐賀,30分?60分,３ＬＤＫ,70,,,,平成21年,,,住宅,,,,第２種中高層住居専用地域,60.0,200.0,2018年第2四半期,未改装,,7.230448921378274
41000736,中古マンション等,,41201,佐賀県,佐賀市,駅南本町,佐賀,5,４ＬＤＫ,105,,,,平成15年,ＳＲＣ,,住宅,,,,商業地域,80.0,400.0,2018年第1四半期,未改装,,7.230448921378274
41028609,中古マンション等,,41201,佐賀県,佐賀市,松原,佐賀,19,３ＬＤＫ,85,,,,平成14年,ＳＲＣ,住宅,,,,,商業地域,80.0,400.0,2007年第2四半期,改装済,,7.278753600952829
41000099,中古マンション等,,41201,佐賀県,佐賀市,大財,佐賀,10,オープンフロア,40,,,,昭和62年,ＳＲＣ,店舗,,,,,商業地域,80.0,400.0,2010年第4四半期,未改装,,6.477121254719663
41024190,中古マンション等,,41201,佐賀県,佐賀市,駅前中央,佐賀,6,３ＬＤＫ,75,,,,平成12年,ＲＣ,住宅,,,,,商業地域,80.0,400.0,2013年第4四半期,未改装,,7.230448921378274
41028543,中古マンション等,,41201,佐賀県,佐賀市,兵庫南,,,,110,,,,,ＲＣ,住宅,,,,,第１種住居地域,60.0,200.0,2007年第4四半期,,,7.342422680822207
41028356,中古マンション等,,41201,佐賀県,佐賀市,田代,佐賀,30分?60分,３ＬＤＫ,75,,,,昭和64年,ＳＲＣ,住宅,,,,,近隣商業地域,80.0,200.0,2007年第3四半期,未改装,,6.838849090737256
41002087,中古マンション等,,41201,佐賀県,佐賀市,神野東,佐賀,5,３ＬＤＫ,60,,,,昭和58年,ＳＲＣ,住宅,住宅,,,,商業地域,80.0,400.0,2020年第1四半期,未改装,,6.838849090737256
41028598,中古マンション等,,41201,佐賀県,佐賀市,松原,佐賀,26,１Ｋ,20,,,,平成4年,ＳＲＣ,住宅,,,,,商業地域,80.0,400.0,2008年第4四半期,未改装,,6.477121254719663
41003390,中古マンション等,,41202,佐賀県,唐津市,松南町,東唐津,4,３ＬＤＫ,75,,,,平成3年,ＳＲＣ,住宅,住宅,,,,第１種中高層住居専用地域,60.0,200.0,2014年第3四半期,未改装,,7.079181246047625
41009491,中古マンション等,,41201,佐賀県,佐賀市,愛敬町,佐賀,8,オープンフロア,70,,,,昭和62年,ＳＲＣ,事務所,,,,,商業地域,80.0,400.0,2011年第1四半期,未改装,,6.778151250383644
41018609,中古マンション等,,41201,佐賀県,佐賀市,駅南本町,佐賀,5,４ＬＤＫ,95,,,,平成12年,ＳＲＣ,住宅,,,,,商業地域,80.0,400.0,2012年第4四半期,未改装,,7.301029995663981
41029294,中古マンション等,,41202,佐賀県,唐津市,和多田本村,和多田,5,４ＬＤＫ,85,,,,平成11年,ＲＣ,住宅,,,,,準住居地域,60.0,200.0,2008年第2四半期,未改装,,7.079181246047625
41018395,中古マンション等,,41201,佐賀県,佐賀市,堀川町,佐賀,26,３ＬＤＫ,55,,,,平成7年,ＳＲＣ,住宅,住宅,,,,商業地域,80.0,400.0,2015年第2四半期,改装済,,7.0
41019343,中古マンション等,,41201,佐賀県,佐賀市,神野東,佐賀,7,３ＬＤＫ,75,,,,平成8年,ＲＣ,住宅,住宅,,,,近隣商業地域,80.0,200.0,2016年第3四半期,改装済,,7.113943352306837
41019898,中古マンション等,,41201,佐賀県,佐賀市,兵庫北,佐賀,24,３ＬＤＫ,70,,,,平成20年,ＲＣ,住宅,住宅,,,,第１種住居地域,60.0,200.0,2016年第2四半期,未改装,,7.230448921378274
41002626,中古マンション等,,41201,佐賀県,佐賀市,田代,佐賀,30分?60分,３ＬＤＫ,75,,,,昭和64年,ＳＲＣ,住宅,住宅,,,,近隣商業地域,80.0,200.0,2022年第1四半期,未改装,調停・競売等,6.662757831681574
41002362,中古マンション等,,41201,佐賀県,佐賀市,新中町,佐賀,13,３ＬＤＫ,70,,,,令和2年,ＲＣ,住宅,住宅,,,,第１種住居地域,60.0,200.0,2022年第2四半期,未改装,,7.477121254719663
41000884,中古マンション等,,41201,佐賀県,佐賀市,兵庫北,佐賀,24,４ＬＤＫ,85,,,,平成20年,ＲＣ,住宅,住宅,,,,第１種住居地域,60.0,200.0,2014年第3四半期,,,7.3222192947339195
41020880,中古マンション等,,41202,佐賀県,唐津市,紺屋町,唐津,1,３ＬＤＫ,80,,,,昭和63年,ＲＣ,住宅,住宅,,,,商業地域,80.0,400.0,2016年第2四半期,未改装,,6.954242509439325
41024437,中古マンション等,,41201,佐賀県,佐賀市,神野東,佐賀,6,４ＤＫ,70,,,,昭和58年,ＳＲＣ,住宅,,,,,商業地域,80.0,400.0,2013年第4四半期,改装済,,7.041392685158225
41002100,中古マンション等,,41201,佐賀県,佐賀市,神野東,佐賀,5,３ＬＤＫ,60,,,,昭和58年,,住宅,その他,,,,商業地域,80.0,400.0,2019年第1四半期,改装済,,6.477121254719663
41000841,中古マンション等,,41201,佐賀県,佐賀市,鬼丸町,佐賀,30分?60分,３ＬＤＫ,80,,,,平成18年,ＲＣ,,住宅,,,,第１種低層住居専用地域,60.0,200.0,2020年第3四半期,改装済,,7.301029995663981
41000105,中古マンション等,,41201,佐賀県,佐賀市,大財,佐賀,10,３ＬＤＫ,60,,,,昭和62年,ＳＲＣ,住宅,,,,,商業地域,80.0,400.0,2010年第3四半期,未改装,調停・競売等,6.690196080028514
41000668,中古マンション等,,41201,佐賀県,佐賀市,伊勢町,佐賀,21,,70,,,,平成6年,ＲＣ,住宅,住宅,,,,第１種住居地域,60.0,200.0,2022年第2四半期,改装済,,7.041392685158225
41011116,中古マンション等,,41201,佐賀県,佐賀市,神野東,佐賀,8,４ＬＤＫ,80,,,,平成8年,ＲＣ,住宅,,,,,近隣商業地域,80.0,200.0,2011年第4四半期,未改装,調停・競売等,7.146128035678238
41028094,中古マンション等,,41201,佐賀県,佐賀市,大財,佐賀,14,１ＤＫ,20,,,,昭和62年,ＲＣ,住宅,,,,,商業地域,80.0,400.0,2008年第2四半期,改装済,,6.0
41000833,中古マンション等,,41201,佐賀県,佐賀市,鬼丸町,佐賀,30分?60分,３ＬＤＫ,70,,,,昭和64年,ＲＣ,住宅,住宅,,,,第１種中高層住居専用地域,60.0,200.0,2021年第4四半期,未改装,,6.903089986991944
41019332,中古マンション等,,41201,佐賀県,佐賀市,神野西,佐賀,16,３ＬＤＫ,70,,,,平成10年,ＲＣ,住宅,住宅,,,,第１種中高層住居専用地域,60.0,200.0,2016年第2四半期,未改装,,7.113943352306837
41028290,中古マンション等,,41201,佐賀県,佐賀市,城内,佐賀,29,３ＬＤＫ,75,,,,昭和63年,ＲＣ,住宅,,,,,第１種住居地域,60.0,200.0,2008年第4四半期,改装済,,6.968482948553935
41004554,中古マンション等,,41202,佐賀県,唐津市,東町,和多田,14,３ＬＤＫ,75,,,,平成13年,ＲＣ,住宅,,,,,準住居地域,60.0,200.0,2010年第3四半期,未改装,調停・競売等,7.0
41006071,中古マンション等,,41202,佐賀県,唐津市,栄町,唐津,14,４ＬＤＫ,60,,,,,ＲＣ,住宅,住宅,,,,商業地域,80.0,400.0,2017年第3四半期,,,6.812913356642856
41026421,中古マンション等,,41201,佐賀県,佐賀市,大財,佐賀,26,３ＬＤＫ,70,,,,平成11年,ＲＣ,住宅,,,,,第１種住居地域,60.0,200.0,2009年第4四半期,未改装,,6.778151250383644
41013472,中古マンション等,,41201,佐賀県,佐賀市,松原,佐賀,26,２ＤＫ,35,,,,平成4年,ＳＲＣ,住宅,,,,,商業地域,80.0,400.0,2011年第1四半期,未改装,,6.5910646070264995
41019922,中古マンション等,,41201,佐賀県,佐賀市,諸富町大字徳富,佐賀,1H30?2H,１ＤＫ,70,,,,昭和48年,ＲＣ,住宅,,,,,準工業地域,60.0,200.0,2012年第4四半期,改装済,,7.301029995663981
41000795,中古マンション等,,41201,佐賀県,佐賀市,大財,佐賀,18,４ＬＤＫ,85,,,,平成13年,ＲＣ,住宅,住宅,,,,第１種住居地域,60.0,200.0,2020年第1四半期,改装済,,7.3222192947339195
41019821,中古マンション等,,41201,佐賀県,佐賀市,松原,佐賀,26,１Ｋ,30,,,,平成4年,ＳＲＣ,住宅,,,,,商業地域,80.0,400.0,2012年第4四半期,未改装,,6.301029995663981
41018260,中古マンション等,,41201,佐賀県,佐賀市,鍋島,佐賀,30分?60分,４ＬＤＫ,105,,,,平成12年,ＲＣ,住宅,住宅,,,,第２種中高層住居専用地域,60.0,200.0,2015年第3四半期,,,7.301029995663981
41028357,中古マンション等,,41201,佐賀県,佐賀市,田代,佐賀,30分?60分,３ＬＤＫ,70,,,,昭和64年,ＳＲＣ,住宅,,,,,近隣商業地域,80.0,200.0,2007年第3四半期,改装済,,6.8750612633917
41006129,中古マンション等,,41202,佐賀県,唐津市,松南町,東唐津,3,１ＬＤＫ,75,,,,平成3年,ＳＲＣ,,住宅,,,,第１種中高層住居専用地域,60.0,200.0,2022年第1四半期,,,7.079181246047625
41028103,中古マンション等,,41201,佐賀県,佐賀市,鬼丸町,佐賀,30分?60分,３ＬＤＫ,70,,,,昭和64年,ＲＣ,住宅,,,,,第１種中高層住居専用地域,60.0,200.0,2008年第2四半期,改装済,,6.977723605288848
41018446,中古マンション等,,41201,佐賀県,佐賀市,松原,佐賀,28,１Ｋ,20,,,,平成4年,ＳＲＣ,住宅,住宅,,,,商業地域,80.0,400.0,2015年第1四半期,未改装,,6.491361693834273
41002653,中古マンション等,,41201,佐賀県,佐賀市,田代,佐賀,30分?60分,５ＬＤＫ,145,,,,昭和64年,ＲＣ,,住宅,,,,近隣商業地域,80.0,200.0,2018年第2四半期,未改装,,7.041392685158225
41001924,中古マンション等,,41201,佐賀県,佐賀市,松原,佐賀,28,３ＬＤＫ,65,,,,平成5年,ＲＣ,住宅,,,,,商業地域,80.0,400.0,2010年第1四半期,改装済,,6.857332496431268
41016035,中古マンション等,,41202,佐賀県,唐津市,東城内,唐津,16,３ＬＤＫ,70,,,,平成18年,ＲＣ,住宅,,,,,第１種住居地域,60.0,200.0,2011年第1四半期,未改装,,7.230448921378274
41002034,中古マンション等,,41201,佐賀県,佐賀市,神野西,佐賀,9,３ＬＤＫ,75,,,,平成16年,ＲＣ,,住宅,,,,第１種住居地域,60.0,200.0,2021年第4四半期,改装済,,7.278753600952829
41019419,中古マンション等,,41201,佐賀県,佐賀市,白山,佐賀,18,２ＬＤＫ,60,,,,平成10年,ＳＲＣ,住宅,住宅,,,,商業地域,80.0,500.0,2016年第2四半期,改装済,,7.0
41000474,中古マンション等,,41201,佐賀県,佐賀市,天神,佐賀,11,３ＬＤＫ,80,,,,平成14年,ＲＣ,住宅,住宅,,,,商業地域,80.0,400.0,2014年第4四半期,改装済,,7.204119982655925
41019609,中古マンション等,,41201,佐賀県,佐賀市,唐人,佐賀,9,３ＬＤＫ,80,,,,平成20年,ＳＲＣ,住宅,,,,,商業地域,80.0,400.0,2016年第4四半期,未改装,,7.301029995663981
41019591,中古マンション等,,41201,佐賀県,佐賀市,天神,佐賀,11,３ＬＤＫ,75,,,,平成15年,ＲＣ,住宅,その他,,,,商業地域,80.0,400.0,2016年第3四半期,,,7.204119982655925
41026978,中古マンション等,,41202,佐賀県,唐津市,西城内,唐津,9,３ＬＤＫ,70,,,,平成18年,ＲＣ,住宅,,,,,第１種住居地域,60.0,200.0,2009年第1四半期,未改装,,7.176091259055681
41020544,中古マンション等,,41202,佐賀県,唐津市,栄町,唐津,2,３ＤＫ,45,,,,昭和63年,ＲＣ,住宅,,,,,商業地域,80.0,400.0,2012年第2四半期,改装済,,6.832508912706237
41004210,中古マンション等,,41201,佐賀県,佐賀市,水ヶ江,佐賀,25,３ＬＤＫ,65,,,,平成19年,ＲＣ,住宅,住宅,,,,商業地域,80.0,400.0,2017年第3四半期,改装済,,7.146128035678238
41003556,中古マンション等,,41201,佐賀県,佐賀市,兵庫北,佐賀,13,３ＬＤＫ,70,,,,平成9年,ＳＲＣ,住宅,住宅,,,,第１種住居地域,60.0,200.0,2019年第3四半期,未改装,,7.146128035678238
41026600,中古マンション等,,41201,佐賀県,佐賀市,鍋島,鍋島,30分?60分,４ＬＤＫ,75,,,,戦前,ＲＣ,住宅,,,,,準住居地域,60.0,200.0,2009年第3四半期,改装済,,7.0
41024222,中古マンション等,,41201,佐賀県,佐賀市,大財,佐賀,23,,80,,,,平成15年,ＲＣ,住宅,,,,,第１種住居地域,60.0,200.0,2013年第1四半期,未改装,,7.176091259055681
41028617,中古マンション等,,41201,佐賀県,佐賀市,水ヶ江,佐賀,30分?60分,２ＬＤＫ,60,,,,平成18年,ＲＣ,住宅,,,,,近隣商業地域,80.0,200.0,2008年第3四半期,未改装,,7.041392685158225
41006229,中古マンション等,,41202,佐賀県,唐津市,高砂町,唐津,3,４ＬＤＫ,85,,,,平成18年,ＲＣ,,住宅,,,,商業地域,80.0,400.0,2020年第2四半期,改装済,,7.204119982655925
41000712,中古マンション等,,41201,佐賀県,佐賀市,駅前中央,佐賀,3,４ＬＤＫ,85,,,,平成17年,ＲＣ,住宅,住宅,,,,商業地域,80.0,500.0,2021年第1四半期,未改装,,7.380211241711606
41000012,中古マンション等,,41201,佐賀県,佐賀市,駅前中央,佐賀,6,３ＬＤＫ,70,,,,平成13年,ＲＣ,住宅,住宅,,,,商業地域,80.0,400.0,2014年第2四半期,未改装,,7.113943352306837
41006049,中古マンション等,,41202,佐賀県,唐津市,材木町,唐津,15,２ＬＤＫ,75,,,,平成15年,ＲＣ,住宅,住宅,,,,商業地域,80.0,400.0,2021年第2四半期,未改装,,7.2552725051033065
41002877,中古マンション等,,41201,佐賀県,佐賀市,鍋島,佐賀,30分?60分,３ＬＤＫ,70,,,,平成16年,ＳＲＣ,,住宅,,,,第２種住居地域,60.0,200.0,2020年第1四半期,未改装,,7.176091259055681
41028311,中古マンション等,,41201,佐賀県,佐賀市,新中町,佐賀,16,３ＬＤＫ,70,,,,平成19年,ＲＣ,住宅,,,,,第２種住居地域,60.0,200.0,2008年第1四半期,改装済,,7.2552725051033065
41002015,中古マンション等,,41201,佐賀県,佐賀市,水ヶ江,佐賀,30分?60分,３ＬＤＫ,80,,,,昭和64年,ＲＣ,住宅,,,,,近隣商業地域,80.0,200.0,2010年第4四半期,未改装,調停・競売等,7.0
41003542,中古マンション等,,41201,佐賀県,佐賀市,兵庫北,佐賀,13,３ＬＤＫ,70,,,,平成9年,ＳＲＣ,,住宅,,,,第１種住居地域,60.0,200.0,2022年第2四半期,未改装,,7.113943352306837
41000352,中古マンション等,,41201,佐賀県,佐賀市,栄町,佐賀,4,２Ｋ,40,,,,平成2年,ＳＲＣ,住宅,住宅,,,,商業地域,80.0,400.0,2014年第2四半期,,,6.763427993562937
41024448,中古マンション等,,41201,佐賀県,佐賀市,巨勢町,佐賀,30分?60分,３ＬＤＫ,60,,,,平成19年,ＲＣ,住宅,,,,,準工業地域,60.0,200.0,2013年第3四半期,未改装,,7.113943352306837
41000877,中古マンション等,,41201,佐賀県,佐賀市,卸本町,鍋島,30分?60分,４ＬＤＫ,85,,,,平成19年,ＲＣ,住宅,住宅,,,,準工業地域,60.0,200.0,2018年第3四半期,未改装,,7.204119982655925
41026419,中古マンション等,,41201,佐賀県,佐賀市,大財,佐賀,13,１ＤＫ,25,,,,昭和62年,ＲＣ,住宅,,,,,商業地域,80.0,400.0,2009年第4四半期,未改装,,6.176091259055681
41029018,中古マンション等,,41202,佐賀県,唐津市,千代田町,唐津,11,３ＬＤＫ,75,,,,平成20年,ＲＣ,住宅,,,,,商業地域,80.0,400.0,2008年第4四半期,改装済,,7.342422680822207
41024242,中古マンション等,,41201,佐賀県,佐賀市,卸本町,佐賀,30分?60分,２ＬＤＫ,55,,,,平成19年,ＲＣ,住宅,,,,,準工業地域,60.0,200.0,2013年第4四半期,未改装,,7.079181246047625
41024197,中古マンション等,,41201,佐賀県,佐賀市,駅南本町,佐賀,6,３ＬＤＫ,75,,,,平成15年,ＳＲＣ,住宅,,,,,商業地域,80.0,500.0,2013年第2四半期,改装済,,7.079181246047625
41002248,中古マンション等,,41201,佐賀県,佐賀市,栄町,佐賀,6,２ＤＫ,40,,,,平成2年,ＳＲＣ,,事務所,,,,商業地域,80.0,400.0,2020年第3四半期,改装済,,6.778151250383644
41026455,中古マンション等,,41201,佐賀県,佐賀市,神園,佐賀,21,３ＬＤＫ,75,,,,平成7年,ＲＣ,住宅,,,,,第２種低層住居専用地域,60.0,200.0,2009年第3四半期,改装済,,7.041392685158225
41007092,中古マンション等,,41202,佐賀県,唐津市,東町,和多田,15,３ＬＤＫ,95,,,,平成4年,ＳＲＣ,住宅,住宅,,,,準工業地域,60.0,200.0,2019年第2四半期,未改装,,7.079181246047625
41002107,中古マンション等,,41201,佐賀県,佐賀市,神野東,佐賀,8,３ＬＤＫ,75,,,,昭和60年,ＳＲＣ,住宅,住宅,,,,商業地域,80.0,400.0,2018年第2四半期,未改装,,6.857332496431268
41007303,中古マンション等,,41202,佐賀県,唐津市,元石町,和多田,8,４ＬＤＫ,85,,,,平成11年,ＲＣ,住宅,住宅,,,,第１種中高層住居専用地域,60.0,200.0,2019年第3四半期,未改装,,6.8750612633917
41020119,中古マンション等,,41201,佐賀県,佐賀市,松原,佐賀,28,１Ｋ,15,,,,平成4年,ＳＲＣ,住宅,住宅,,,,商業地域,80.0,400.0,2016年第2四半期,未改装,,6.447158031342219
41026929,中古マンション等,,41202,佐賀県,唐津市,千代田町,唐津,11,３ＬＤＫ,70,,,,平成20年,ＲＣ,住宅,,,,,商業地域,80.0,400.0,2009年第2四半期,未改装,,7.3222192947339195
41025051,中古マンション等,,41202,佐賀県,唐津市,西城内,唐津,12,４ＬＤＫ,85,,,,平成15年,ＳＲＣ,住宅,,,,,第１種住居地域,50.0,150.0,2013年第2四半期,未改装,,7.301029995663981
41026415,中古マンション等,,41201,佐賀県,佐賀市,駅南本町,佐賀,7,３ＬＤＫ,75,,,,平成20年,ＳＲＣ,住宅,,,,,商業地域,80.0,400.0,2009年第1四半期,未改装,,7.278753600952829
41002324,中古マンション等,,41201,佐賀県,佐賀市,新栄東,佐賀,30分?60分,４ＬＤＫ,85,,,,平成15年,ＲＣ,住宅,住宅,,,,準住居地域,60.0,200.0,2019年第3四半期,未改装,,7.204119982655925
41001627,中古マンション等,,41201,佐賀県,佐賀市,堀川町,佐賀,24,３ＬＤＫ,60,,,,,ＳＲＣ,住宅,,,,,商業地域,80.0,400.0,2010年第4四半期,未改装,,6.770852011642144
41018436,中古マンション等,,41201,佐賀県,佐賀市,松原,佐賀,28,１Ｋ,15,,,,平成4年,ＳＲＣ,住宅,住宅,,,,商業地域,80.0,400.0,2015年第4四半期,未改装,,6.301029995663981
41024691,中古マンション等,,41201,佐賀県,佐賀市,堀川町,佐賀,24,,60,,,,平成3年,ＳＲＣ,住宅,,,,,商業地域,80.0,400.0,2013年第4四半期,,,6.9084850188786495
41003557,中古マンション等,,41201,佐賀県,佐賀市,兵庫北,佐賀,13,３ＬＤＫ,70,,,,平成9年,ＳＲＣ,住宅,住宅,,,,第１種住居地域,60.0,200.0,2019年第3四半期,未改装,,7.146128035678238
41026550,中古マンション等,,41201,佐賀県,佐賀市,白山,佐賀,16,４ＬＤＫ,90,,,,平成10年,ＳＲＣ,住宅,,,,,商業地域,80.0,500.0,2009年第4四半期,未改装,,7.113943352306837
41004105,中古マンション等,,41201,佐賀県,佐賀市,松原,佐賀,19,４ＬＤＫ,75,,,,平成13年,ＳＲＣ,,住宅,,,,商業地域,80.0,400.0,2022年第2四半期,未改装,調停・競売等,7.146128035678238
41028309,中古マンション等,,41201,佐賀県,佐賀市,新中町,佐賀,16,４ＬＤＫ,75,,,,平成19年,ＲＣ,住宅,,,,,第２種住居地域,60.0,200.0,2008年第3四半期,未改装,,7.361727836017593
41024853,中古マンション等,,41201,佐賀県,佐賀市,若楠,佐賀,30分?60分,３ＬＤＫ,85,,,,平成16年,ＲＣ,住宅,,,,,第１種住居地域,60.0,200.0,2013年第1四半期,未改装,,7.230448921378274
41003319,中古マンション等,,41202,佐賀県,唐津市,紺屋町,唐津,1,３ＬＤＫ,70,,,,昭和63年,ＲＣ,住宅,事務所,,,,商業地域,80.0,400.0,2014年第2四半期,未改装,,7.113943352306837
41000422,中古マンション等,,41201,佐賀県,佐賀市,神野東,佐賀,6,４ＤＫ,60,,,,昭和58年,ＳＲＣ,住宅,,,,,商業地域,80.0,400.0,2010年第4四半期,改装済,,6.832508912706237
41000773,中古マンション等,,41201,佐賀県,佐賀市,大財,佐賀,24,３ＬＤＫ,70,,,,平成11年,ＲＣ,住宅,住宅,,,,第１種住居地域,60.0,200.0,2021年第2四半期,未改装,,7.176091259055681
41000489,中古マンション等,,41201,佐賀県,佐賀市,白山,佐賀,15,４ＬＤＫ,100,,,,平成12年,ＲＣ,住宅,,,,,第１種住居地域,60.0,200.0,2010年第3四半期,未改装,,7.278753600952829
41006051,中古マンション等,,41202,佐賀県,唐津市,材木町,唐津,11,４ＬＤＫ,90,,,,,,,住宅,,,,商業地域,80.0,400.0,2021年第1四半期,未改装,,7.230448921378274
41000636,中古マンション等,,41201,佐賀県,佐賀市,鍋島,吉野ケ里公園,30分?60分,３ＬＤＫ,70,,,,平成19年,ＲＣ,住宅,,,,,第２種住居地域,60.0,200.0,2010年第4四半期,未改装,,7.176091259055681
41028354,中古マンション等,,41201,佐賀県,佐賀市,田代,佐賀,30分?60分,３ＬＤＫ,70,,,,昭和64年,ＳＲＣ,住宅,,,,,近隣商業地域,60.0,200.0,2008年第1四半期,改装済,,6.8750612633917
41002724,中古マンション等,,41201,佐賀県,佐賀市,中央本町,佐賀,19,３ＬＤＫ,80,,,,平成17年,ＳＲＣ,住宅,住宅,,,,商業地域,80.0,400.0,2020年第1四半期,改装済,,7.2552725051033065
41018245,中古マンション等,,41201,佐賀県,佐賀市,唐人,佐賀,10,,95,,,,平成20年,ＳＲＣ,住宅,住宅,,,,商業地域,80.0,400.0,2015年第3四半期,未改装,,7.361727836017593
41011828,中古マンション等,,41201,佐賀県,佐賀市,天神,佐賀,8,３ＬＤＫ,60,,,,平成3年,ＳＲＣ,住宅,,,,,商業地域,80.0,400.0,2011年第2四半期,改装済,,6.977723605288848
41004114,中古マンション等,,41201,佐賀県,佐賀市,松原,佐賀,20,５ＬＤＫ,115,,,,平成13年,ＳＲＣ,住宅,住宅,,,,商業地域,80.0,400.0,2020年第3四半期,未改装,,7.380211241711606
41000719,中古マンション等,,41201,佐賀県,佐賀市,駅前中央,佐賀,4,３ＬＤＫ,75,,,,平成9年,ＳＲＣ,,住宅,,,,商業地域,80.0,400.0,2019年第2四半期,未改装,,7.079181246047625
41011826,中古マンション等,,41201,佐賀県,佐賀市,天神,佐賀,8,３ＬＤＫ,60,,,,平成3年,ＳＲＣ,住宅,,,,,商業地域,80.0,400.0,2011年第3四半期,未改装,,6.892094602690481
41025052,中古マンション等,,41202,佐賀県,唐津市,西寺町,唐津,8,３ＬＤＫ,55,,,,平成3年,ＳＲＣ,住宅,,,,,商業地域,80.0,400.0,2013年第4四半期,未改装,,6.903089986991944
41024525,中古マンション等,,41201,佐賀県,佐賀市,天神,佐賀,7,４ＬＤＫ,75,,,,平成3年,ＳＲＣ,住宅,,,,,商業地域,80.0,400.0,2013年第3四半期,改装済,,6.991226075692495
41024692,中古マンション等,,41201,佐賀県,佐賀市,堀川町,佐賀,26,４ＬＤＫ,75,,,,平成7年,ＳＲＣ,住宅,,,,,商業地域,80.0,400.0,2013年第3四半期,未改装,,6.954242509439325
41002863,中古マンション等,,41201,佐賀県,佐賀市,鍋島,佐賀,30分?60分,４ＬＤＫ,75,,,,平成12年,ＲＣ,住宅,住宅,,,,第２種住居地域,60.0,200.0,2021年第4四半期,未改装,,7.079181246047625
41019897,中古マンション等,,41201,佐賀県,佐賀市,兵庫北,佐賀,13,３ＬＤＫ,70,,,,平成9年,ＳＲＣ,住宅,住宅,,,,第１種住居地域,60.0,200.0,2016年第2四半期,未改装,,7.079181246047625
41024463,中古マンション等,,41201,佐賀県,佐賀市,白山,佐賀,17,４ＬＤＫ,85,,,,平成10年,ＳＲＣ,住宅,,,,,商業地域,80.0,500.0,2013年第4四半期,改装済,,7.146128035678238
41018147,中古マンション等,,41201,佐賀県,佐賀市,神野東,佐賀,6,４ＬＤＫ,90,,,,平成19年,ＳＲＣ,住宅,住宅,,,,商業地域,80.0,400.0,2015年第1四半期,未改装,,7.361727836017593
41001652,中古マンション等,,41201,佐賀県,佐賀市,諸富町大字徳富,佐賀,1H30?2H,,25,,,,昭和48年,ＲＣ,住宅,住宅,,,,準工業地域,60.0,200.0,2014年第4四半期,改装済,,6.986771734266245
41002786,中古マンション等,,41201,佐賀県,佐賀市,唐人,佐賀,9,３ＬＤＫ,75,,,,平成20年,ＳＲＣ,住宅,住宅,,,,商業地域,80.0,400.0,2019年第3四半期,未改装,,7.301029995663981
41026429,中古マンション等,,41201,佐賀県,佐賀市,卸本町,佐賀,30分?60分,４ＬＤＫ,85,,,,平成19年,ＲＣ,住宅,,,,,準工業地域,60.0,200.0,2009年第4四半期,改装済,,7.230448921378274
41024664,中古マンション等,,41201,佐賀県,佐賀市,兵庫町,佐賀,12,３ＬＤＫ,70,,,,平成9年,ＳＲＣ,住宅,,,,,第１種住居地域,60.0,200.0,2013年第3四半期,未改装,,7.041392685158225
41028082,中古マンション等,,41201,佐賀県,佐賀市,伊勢町,佐賀,23,３ＬＤＫ,70,,,,平成6年,ＲＣ,住宅,,,,,第１種住居地域,60.0,200.0,2007年第4四半期,未改装,,6.968482948553935
41003338,中古マンション等,,41202,佐賀県,唐津市,栄町,西相知,14,２ＬＤＫ,50,,,,昭和63年,ＲＣ,住宅,,,,,商業地域,80.0,400.0,2014年第2四半期,未改装,,6.778151250383644
41000704,中古マンション等,,41201,佐賀県,佐賀市,駅前中央,佐賀,8,２ＬＤＫ,80,,,,平成12年,ＲＣ,,住宅,,,,工業地域,60.0,200.0,2021年第4四半期,,,7.361727836017593
41000276,中古マンション等,,41201,佐賀県,佐賀市,神野西,佐賀,19,３ＬＤＫ,80,,,,平成10年,ＲＣ,住宅,住宅,,,,第１種中高層住居専用地域,60.0,200.0,2014年第4四半期,未改装,,7.0
41009622,中古マンション等,,41201,佐賀県,佐賀市,駅南本町,佐賀,5,１ＬＤＫ,45,,,,平成15年,ＳＲＣ,住宅,,,,,商業地域,80.0,500.0,2011年第2四半期,未改装,,6.8750612633917
41001395,中古マンション等,,41201,佐賀県,佐賀市,松原,佐賀,20,,80,,,,,ＳＲＣ,住宅,住宅,,,,,,,2014年第3四半期,,,7.176091259055681
41006130,中古マンション等,,41202,佐賀県,唐津市,松南町,東唐津,3,,95,,,,平成3年,ＳＲＣ,住宅,その他,,,,第１種中高層住居専用地域,60.0,200.0,2019年第2四半期,未改装,,6.892094602690481
41000868,中古マンション等,,41201,佐賀県,佐賀市,卸本町,佐賀,30分?60分,,70,,,,平成24年,ＲＣ,,住宅,,,,準工業地域,60.0,200.0,2020年第2四半期,,,7.301029995663981
41002104,中古マンション等,,41201,佐賀県,佐賀市,神野東,佐賀,3,３ＬＤＫ,75,,,,平成10年,ＳＲＣ,,事務所,,,,商業地域,80.0,500.0,2018年第4四半期,改装済,,7.278753600952829
41002775,中古マンション等,,41201,佐賀県,佐賀市,唐人,佐賀,9,３ＬＤＫ,70,,,,平成20年,ＳＲＣ,住宅,住宅,,,,商業地域,80.0,400.0,2022年第1四半期,未改装,,7.230448921378274
41018381,中古マンション等,,41201,佐賀県,佐賀市,兵庫南,佐賀,28,３ＬＤＫ,80,,,,平成11年,ＲＣ,住宅,住宅,,,,準住居地域,60.0,200.0,2015年第4四半期,改装済,,7.204119982655925
41020161,中古マンション等,,41201,佐賀県,佐賀市,水ヶ江,佐賀,30分?60分,３ＬＤＫ,70,,,,平成12年,ＲＣ,住宅,住宅,,,,近隣商業地域,80.0,200.0,2016年第2四半期,未改装,,6.991226075692495
41003882,中古マンション等,,41201,佐賀県,佐賀市,堀川町,佐賀,25,３ＬＤＫ,70,,,,平成3年,ＳＲＣ,住宅,住宅,,,,商業地域,80.0,400.0,2019年第3四半期,未改装,,6.903089986991944
41025002,中古マンション等,,41202,佐賀県,唐津市,松南町,東唐津,4,１ＬＤＫ,40,,,,平成3年,ＳＲＣ,住宅,,,,,第２種中高層住居専用地域,60.0,200.0,2013年第4四半期,未改装,,6.7923916894982534
41024213,中古マンション等,,41201,佐賀県,佐賀市,大財,佐賀,8,３ＬＤＫ,90,,,,平成21年,ＳＲＣ,住宅,,,,,商業地域,80.0,400.0,2013年第3四半期,未改装,,7.477121254719663
41019453,中古マンション等,,41201,佐賀県,佐賀市,新中町,佐賀,16,４ＬＤＫ,80,,,,平成19年,ＲＣ,住宅,住宅,,,,第２種住居地域,60.0,200.0,2016年第4四半期,未改装,,7.301029995663981
41003990,中古マンション等,,41201,佐賀県,佐賀市,本庄町,佐賀,30分?60分,３ＬＤＫ,80,,,,,,住宅,住宅,,,,第１種住居地域,60.0,200.0,2019年第4四半期,未改装,,7.204119982655925
41018622,中古マンション等,,41201,佐賀県,佐賀市,大財,佐賀,25,３ＬＤＫ,70,,,,平成11年,ＲＣ,住宅,,,,,第１種住居地域,60.0,200.0,2012年第3四半期,未改装,,7.146128035678238
41004447,中古マンション等,,41201,佐賀県,佐賀市,八戸溝,鍋島,11,３ＬＤＫ,70,,,,平成12年,ＲＣ,,住宅,,,,第２種中高層住居専用地域,60.0,200.0,2021年第1四半期,未改装,,7.079181246047625
41000947,中古マンション等,,41201,佐賀県,佐賀市,西田代,佐賀,28,２ＤＫ,40,,,,昭和59年,ＲＣ,住宅,,,,,第１種住居地域,60.0,200.0,2010年第1四半期,改装済,,6.278753600952829
41019266,中古マンション等,,41201,佐賀県,佐賀市,田代,佐賀,30分?60分,３ＬＤＫ,75,,,,昭和64年,ＲＣ,住宅,,,,,近隣商業地域,80.0,200.0,2012年第1四半期,改装済,,6.838849090737256
41002895,中古マンション等,,41201,佐賀県,佐賀市,鍋島,佐賀,30分?60分,４ＬＤＫ,95,,,,平成12年,ＲＣ,住宅,住宅,,,,第２種中高層住居専用地域,60.0,200.0,2017年第2四半期,未改装,,7.204119982655925
41018435,中古マンション等,,41201,佐賀県,佐賀市,松原,佐賀,20,３ＬＤＫ,70,,,,平成17年,ＲＣ,住宅,住宅,,,,第１種住居地域,60.0,200.0,2015年第4四半期,未改装,,7.230448921378274
41000886,中古マンション等,,41201,佐賀県,佐賀市,兵庫北,佐賀,22,３ＬＤＫ,75,,,,平成24年,ＲＣ,住宅,,,,,第１種住居地域,60.0,200.0,2014年第1四半期,未改装,,7.342422680822207
41018596,中古マンション等,,41201,佐賀県,佐賀市,駅前中央,佐賀,5,４ＬＤＫ,100,,,,平成21年,ＲＣ,住宅,,,,,商業地域,80.0,400.0,2012年第4四半期,未改装,,7.342422680822207
41000295,中古マンション等,,41201,佐賀県,佐賀市,神野東,佐賀,6,３ＬＤＫ,60,,,,昭和58年,ＳＲＣ,住宅,住宅,,,,商業地域,80.0,400.0,2014年第4四半期,未改装,,6.544068044350276
41000867,中古マンション等,,41201,佐賀県,佐賀市,卸本町,佐賀,30分?60分,４ＬＤＫ,85,,,,平成14年,ＲＣ,住宅,住宅,,,,準工業地域,60.0,200.0,2021年第3四半期,未改装,,7.2552725051033065
41002021,中古マンション等,,41201,佐賀県,佐賀市,水ヶ江,佐賀,30分?60分,３ＬＤＫ,75,,,,平成18年,ＲＣ,住宅,,,,,近隣商業地域,80.0,200.0,2010年第3四半期,,,7.2552725051033065
41002041,中古マンション等,,41201,佐賀県,佐賀市,神野西,佐賀,6,３ＬＤＫ,75,,,,平成26年,ＲＣ,住宅,住宅,,,,準工業地域,60.0,200.0,2020年第3四半期,未改装,,7.380211241711606
41019560,中古マンション等,,41201,佐賀県,佐賀市,田代,佐賀,30分?60分,３ＬＤＫ,75,,,,,ＳＲＣ,住宅,住宅,,,,近隣商業地域,80.0,200.0,2016年第4四半期,未改装,,6.8750612633917
41018476,中古マンション等,,41201,佐賀県,佐賀市,諸富町大字徳富,佐賀,1H30?2H,１Ｋ,15,,,,平成24年,ＲＣ,住宅,住宅,,,,準工業地域,60.0,200.0,2015年第2四半期,,,6.7558748556724915
41001654,中古マンション等,,41201,佐賀県,佐賀市,諸富町大字徳富,佐賀,1H30?2H,,20,,,,昭和48年,ＲＣ,住宅,住宅,,,,準工業地域,60.0,200.0,2014年第4四半期,改装済,,6.8512583487190755
41003704,中古マンション等,,41201,佐賀県,佐賀市,兵庫南,佐賀,26,３ＬＤＫ,75,,,,平成21年,ＲＣ,,住宅,,,,第１種住居地域,60.0,200.0,2021年第3四半期,,,7.301029995663981
41004223,中古マンション等,,41201,佐賀県,佐賀市,水ヶ江,佐賀,30分?60分,３ＬＤＫ,70,,,,平成12年,ＲＣ,住宅,住宅,,,,近隣商業地域,60.0,200.0,2017年第1四半期,未改装,,7.041392685158225
41026737,中古マンション等,,41201,佐賀県,佐賀市,松原,佐賀,19,３ＬＤＫ,70,,,,平成17年,ＲＣ,住宅,,,,,第１種住居地域,60.0,200.0,2009年第4四半期,未改装,,7.146128035678238
41003550,中古マンション等,,41201,佐賀県,佐賀市,兵庫北,佐賀,20,３ＬＤＫ,70,,,,平成26年,ＲＣ,,住宅,,,,工業地域,60.0,200.0,2020年第1四半期,未改装,,7.342422680822207
41018440,中古マンション等,,41201,佐賀県,佐賀市,松原,佐賀,19,４ＬＤＫ,95,,,,平成13年,ＳＲＣ,住宅,住宅,,,,商業地域,80.0,400.0,2015年第2四半期,未改装,,7.2552725051033065
41015258,中古マンション等,,41202,佐賀県,唐津市,紺屋町,唐津,1,３ＬＤＫ,80,,,,昭和63年,ＲＣ,住宅,,,,,商業地域,80.0,400.0,2011年第1四半期,未改装,,7.113943352306837
41000112,中古マンション等,,41201,佐賀県,佐賀市,大財,佐賀,13,４ＬＤＫ,90,,,,平成11年,ＳＲＣ,住宅,,,,,商業地域,40.0,400.0,2010年第1四半期,未改装,,7.146128035678238
41004552,中古マンション等,,41202,佐賀県,唐津市,東町,和多田,14,３ＬＤＫ,75,,,,平成13年,ＲＣ,住宅,,,,,準工業地域,,,2010年第4四半期,改装済,,7.146128035678238
41004113,中古マンション等,,41201,佐賀県,佐賀市,松原,佐賀,19,４ＬＤＫ,95,,,,平成13年,ＳＲＣ,住宅,住宅,,,,商業地域,80.0,400.0,2020年第3四半期,未改装,,7.278753600952829
41003877,中古マンション等,,41201,佐賀県,佐賀市,堀川町,佐賀,25,,75,,,,平成3年,ＲＣ,,住宅,,,,商業地域,80.0,400.0,2021年第3四半期,,,7.0
41002888,中古マンション等,,41201,佐賀県,佐賀市,鍋島,佐賀,30分?60分,４ＬＤＫ,85,,,,平成16年,ＳＲＣ,住宅,住宅,,,,近隣商業地域,80.0,200.0,2018年第1四半期,未改装,,7.230448921378274
41000798,中古マンション等,,41201,佐賀県,佐賀市,大財,佐賀,16,３ＬＤＫ,60,,,,平成2年,ＲＣ,住宅,住宅,,,,商業地域,80.0,400.0,2019年第3四半期,改装済,,6.886490725172482
41019337,中古マンション等,,41201,佐賀県,佐賀市,鍋島,佐賀,30分?60分,４ＬＤＫ,75,,,,平成12年,ＲＣ,住宅,,,,,第２種住居地域,60.0,200.0,2012年第4四半期,未改装,,7.146128035678238
41003889,中古マンション等,,41201,佐賀県,佐賀市,堀川町,佐賀,24,３ＬＤＫ,70,,,,平成27年,,住宅,住宅,,,,商業地域,80.0,400.0,2018年第1四半期,改装済,,7.447158031342219
41003950,中古マンション等,,41201,佐賀県,佐賀市,本庄町,佐賀,30分?60分,２ＬＤＫ,70,,,,昭和62年,ＲＣ,住宅,住宅,,,,第１種住居地域,60.0,200.0,2021年第2四半期,改装済,,7.079181246047625
41024255,中古マンション等,,41201,佐賀県,佐賀市,開成,佐賀,30分?60分,４ＬＤＫ,100,,,,平成13年,ＲＣ,住宅,,,,,第１種中高層住居専用地域,60.0,200.0,2013年第3四半期,,調停・競売等,7.204119982655925
41028258,中古マンション等,,41201,佐賀県,佐賀市,神野東,佐賀,11,４ＬＤＫ,90,,,,平成14年,ＲＣ,住宅,,,,,第１種住居地域,60.0,200.0,2008年第2四半期,未改装,,7.342422680822207
41018434,中古マンション等,,41201,佐賀県,佐賀市,松原,佐賀,19,４ＬＤＫ,85,,,,平成13年,ＳＲＣ,住宅,住宅,,,,商業地域,80.0,400.0,2015年第4四半期,未改装,,7.176091259055681
41002299,中古マンション等,,41201,佐賀県,佐賀市,白山,佐賀,15,４ＬＤＫ,100,,,,平成12年,ＲＣ,住宅,住宅,,,,第１種住居地域,60.0,200.0,2019年第4四半期,未改装,,7.278753600952829
41007091,中古マンション等,,41202,佐賀県,唐津市,東町,和多田,15,４ＬＤＫ,75,,,,平成13年,ＲＣ,住宅,住宅,,,,準工業地域,60.0,200.0,2021年第4四半期,改装済,,7.301029995663981
41026425,中古マンション等,,41201,佐賀県,佐賀市,大財,佐賀,13,４ＬＤＫ,90,,,,平成11年,ＳＲＣ,住宅,,,,,商業地域,80.0,400.0,2009年第2四半期,未改装,,6.963787827345556
41028604,中古マンション等,,41201,佐賀県,佐賀市,松原,佐賀,28,３ＬＤＫ,65,,,,平成5年,ＳＲＣ,住宅,,,,,商業地域,80.0,400.0,2007年第4四半期,改装済,,6.892094602690481
41003883,中古マンション等,,41201,佐賀県,佐賀市,堀川町,佐賀,24,３ＬＤＫ,85,,,,平成27年,,,住宅,,,,商業地域,80.0,400.0,2019年第2四半期,未改装,,7.4623979978989565
41028284,中古マンション等,,41201,佐賀県,佐賀市,栄町,佐賀,6,２ＤＫ,40,,,,,ＳＲＣ,住宅,,,,,商業地域,80.0,400.0,2008年第2四半期,未改装,,6.653212513775344
41002288,中古マンション等,,41201,佐賀県,佐賀市,白山,佐賀,19,２ＬＤＫ,60,,,,平成10年,ＳＲＣ,住宅,住宅,,,,商業地域,80.0,500.0,2021年第2四半期,未改装,,7.0
41000381,中古マンション等,,41201,佐賀県,佐賀市,新中町,佐賀,16,４ＬＤＫ,75,,,,平成19年,ＲＣ,住宅,住宅,,,,第２種住居地域,60.0,200.0,2014年第4四半期,未改装,,7.204119982655925
41000735,中古マンション等,,41201,佐賀県,佐賀市,駅南本町,佐賀,7,４ＬＤＫ,95,,,,平成27年,ＲＣ,,住宅,,,,商業地域,80.0,400.0,2020年第4四半期,未改装,,7.447158031342219
41004133,中古マンション等,,41201,佐賀県,佐賀市,松原,佐賀,28,３ＬＤＫ,65,,,,平成5年,ＳＲＣ,住宅,住宅,,,,商業地域,80.0,400.0,2017年第4四半期,未改装,,6.903089986991944
41000086,中古マンション等,,41201,佐賀県,佐賀市,大財,牛津,16,２ＬＤＫ,55,,,,平成2年,ＲＣ,住宅,,,,,商業地域,80.0,400.0,2010年第4四半期,未改装,調停・競売等,6.698970004336019
41000487,中古マンション等,,41201,佐賀県,佐賀市,唐人,佐賀,10,３ＬＤＫ,95,,,,平成20年,ＳＲＣ,住宅,,,,,商業地域,80.0,400.0,2014年第1四半期,未改装,,7.431363764158987
41000763,中古マンション等,,41201,佐賀県,佐賀市,大財,佐賀,13,３ＬＤＫ,70,,,,平成11年,ＳＲＣ,住宅,住宅,,,,商業地域,80.0,400.0,2021年第4四半期,未改装,,7.0
41000451,中古マンション等,,41201,佐賀県,佐賀市,田代,佐賀,30分?60分,３ＬＤＫ,70,,,,昭和64年,ＳＲＣ,住宅,住宅,,,,近隣商業地域,80.0,200.0,2014年第4四半期,改装済,,6.982271233039568
41000633,中古マンション等,,41201,佐賀県,佐賀市,鍋島,佐賀,30分?60分,３ＬＤＫ,70,,,,平成9年,ＲＣ,住宅,,,,,第２種住居地域,60.0,200.0,2010年第3四半期,改装済,,7.041392685158225
41000476,中古マンション等,,41201,佐賀県,佐賀市,栄町,佐賀,4,２ＤＫ,40,,,,平成2年,ＳＲＣ,住宅,,,,,商業地域,80.0,400.0,2010年第2四半期,,,6.662757831681574
41015275,中古マンション等,,41202,佐賀県,唐津市,栄町,唐津,13,３ＬＤＫ,70,,,,平成7年,ＲＣ,住宅,,,,,商業地域,80.0,400.0,2011年第4四半期,改装済,,7.041392685158225
41020897,中古マンション等,,41202,佐賀県,唐津市,栄町,唐津,14,３ＬＤＫ,80,,,,平成21年,ＲＣ,住宅,,,,,商業地域,80.0,400.0,2016年第3四半期,改装済,,7.204119982655925
41002781,中古マンション等,,41201,佐賀県,佐賀市,唐人,佐賀,9,３ＬＤＫ,70,,,,,,住宅,住宅,,,,商業地域,80.0,400.0,2021年第1四半期,未改装,,7.3222192947339195
41002020,中古マンション等,,41201,佐賀県,佐賀市,水ヶ江,佐賀,25,３ＬＤＫ,65,,,,平成19年,ＲＣ,住宅,,,,,商業地域,80.0,400.0,2010年第3四半期,未改装,,6.977723605288848
41024439,中古マンション等,,41201,佐賀県,佐賀市,神野東,佐賀,5,４ＤＫ,70,,,,昭和58年,ＳＲＣ,住宅,,,,,商業地域,80.0,400.0,2013年第3四半期,未改装,,6.812913356642856
41001031,中古マンション等,,41201,佐賀県,佐賀市,兵庫南,佐賀,26,３ＬＤＫ,75,,,,平成21年,ＲＣ,住宅,住宅,,,,第１種住居地域,60.0,200.0,2014年第2四半期,未改装,,7.230448921378274
41024194,中古マンション等,,41201,佐賀県,佐賀市,駅南本町,佐賀,7,３ＬＤＫ,75,,,,平成20年,ＳＲＣ,住宅,,,,,商業地域,80.0,400.0,2013年第3四半期,未改装,,7.2552725051033065
41000814,中古マンション等,,41201,佐賀県,佐賀市,大財,佐賀,12,４ＬＤＫ,90,,,,平成11年,ＳＲＣ,住宅,住宅,,,,商業地域,80.0,400.0,2018年第1四半期,未改装,,7.113943352306837
41007305,中古マンション等,,41202,佐賀県,唐津市,元石町,和多田,8,４ＬＤＫ,85,,,,平成11年,ＲＣ,住宅,住宅,,,,第１種中高層住居専用地域,60.0,200.0,2019年第3四半期,未改装,,6.8750612633917
41001397,中古マンション等,,41201,佐賀県,佐賀市,松原,佐賀,28,２ＤＫ,35,,,,平成4年,ＳＲＣ,住宅,住宅,,,,商業地域,80.0,400.0,2014年第3四半期,未改装,,6.7558748556724915
41000132,中古マンション等,,41201,佐賀県,佐賀市,開成,佐賀,30分?60分,４ＬＤＫ,85,,,,平成13年,ＲＣ,住宅,,,,,準工業地域,,,2010年第2四半期,未改装,,7.113943352306837
41026420,中古マンション等,,41201,佐賀県,佐賀市,大財,佐賀,13,３ＬＤＫ,70,,,,昭和62年,ＳＲＣ,住宅,,,,,商業地域,80.0,400.0,2009年第4四半期,未改装,,6.991226075692495
41020542,中古マンション等,,41202,佐賀県,唐津市,栄町,唐津,12,３ＬＤＫ,70,,,,平成21年,ＲＣ,住宅,,,,,商業地域,80.0,400.0,2012年第3四半期,未改装,,7.204119982655925
41007083,中古マンション等,,41202,佐賀県,唐津市,東城内,唐津,15,３ＬＤＫ,85,,,,平成18年,ＲＣ,住宅,住宅,,,,第１種住居地域,60.0,200.0,2021年第4四半期,未改装,,7.414973347970818
41019297,中古マンション等,,41201,佐賀県,佐賀市,天神,佐賀,8,３ＬＤＫ,70,,,,平成3年,ＳＲＣ,住宅,,,,,商業地域,80.0,400.0,2012年第2四半期,未改装,,7.041392685158225
41009692,中古マンション等,,41201,佐賀県,佐賀市,大財,佐賀,16,オープンフロア,50,,,,平成2年,ＲＣ,店舗,,,,,商業地域,80.0,400.0,2011年第2四半期,未改装,,6.903089986991944
41002738,中古マンション等,,41201,佐賀県,佐賀市,天神,佐賀,7,４ＬＤＫ,70,,,,平成3年,,,住宅,,,,商業地域,80.0,400.0,2021年第3四半期,,,6.903089986991944
41006591,中古マンション等,,41202,佐賀県,唐津市,西城内,唐津,11,３ＬＤＫ,80,,,,昭和64年,ＲＣ,住宅,住宅,,,,第１種住居地域,60.0,200.0,2017年第3四半期,改装済,,7.0
41020210,中古マンション等,,41201,佐賀県,佐賀市,諸富町大字徳富,佐賀,1H30?2H,,35,,,,平成24年,ＲＣ,住宅,,,,,準工業地域,60.0,200.0,2016年第3四半期,,,7.079181246047625
41024734,中古マンション等,,41201,佐賀県,佐賀市,松原,佐賀,19,４ＬＤＫ,85,,,,平成17年,ＲＣ,住宅,,,,,第１種住居地域,60.0,200.0,2013年第4四半期,改装済,,7.3222192947339195
41011249,中古マンション等,,41201,佐賀県,佐賀市,呉服元町,佐賀,21,４ＬＤＫ,100,,,,,ＲＣ,住宅,,,,,商業地域,80.0,800.0,2011年第4四半期,未改装,調停・競売等,7.2552725051033065
41004108,中古マンション等,,41201,佐賀県,佐賀市,松原,佐賀,28,１Ｋ,15,,,,平成4年,ＳＲＣ,,住宅,,,,商業地域,80.0,400.0,2021年第2四半期,改装済,,6.477121254719663
41003564,中古マンション等,,41201,佐賀県,佐賀市,兵庫北,佐賀,24,３ＬＤＫ,70,,,,平成25年,,,住宅,,,,第２種中高層住居専用地域,60.0,200.0,2018年第2四半期,未改装,,7.278753600952829
41024599,中古マンション等,,41201,佐賀県,佐賀市,八幡小路,佐賀,16,,80,,,,,ＲＣ,住宅,,,,,第１種住居地域,60.0,200.0,2013年第2四半期,,,6.977723605288848
41002641,中古マンション等,,41201,佐賀県,佐賀市,田代,佐賀,30分?60分,５ＬＤＫ,35,,,,昭和64年,ＳＲＣ,,住宅,,,,近隣商業地域,80.0,200.0,2019年第1四半期,未改装,,7.146128035678238
41000799,中古マンション等,,41201,佐賀県,佐賀市,大財,佐賀,23,４ＬＤＫ,80,,,,平成15年,ＲＣ,住宅,住宅,,,,第１種住居地域,60.0,200.0,2019年第2四半期,未改装,,7.230448921378274
41028391,中古マンション等,,41201,佐賀県,佐賀市,鍋島,佐賀,30分?60分,４ＬＤＫ,80,,,,平成9年,ＲＣ,住宅,,,,,第２種住居地域,60.0,200.0,2007年第2四半期,改装済,,7.204119982655925
41002110,中古マンション等,,41201,佐賀県,佐賀市,神野東,佐賀,7,３ＬＤＫ,70,,,,昭和60年,ＳＲＣ,住宅,住宅,,,,商業地域,80.0,400.0,2017年第2四半期,改装済,,7.113943352306837
41024239,中古マンション等,,41201,佐賀県,佐賀市,鬼丸町,佐賀,30分?60分,４ＬＤＫ,80,,,,昭和64年,ＲＣ,住宅,,,,,第１種中高層住居専用地域,60.0,200.0,2013年第2四半期,未改装,,7.0
41004130,中古マンション等,,41201,佐賀県,佐賀市,松原,佐賀,28,１Ｋ,15,,,,平成4年,ＳＲＣ,住宅,住宅,,,,商業地域,80.0,400.0,2018年第1四半期,未改装,,6.477121254719663
41020877,中古マンション等,,41202,佐賀県,唐津市,紺屋町,唐津,1,３ＬＤＫ,80,,,,昭和63年,ＲＣ,住宅,住宅,,,,商業地域,80.0,400.0,2016年第3四半期,未改装,,6.903089986991944
41007093,中古マンション等,,41202,佐賀県,唐津市,東町,和多田,15,３ＬＤＫ,95,,,,平成4年,ＳＲＣ,住宅,住宅,,,,準工業地域,60.0,200.0,2019年第2四半期,未改装,,7.113943352306837
41002894,中古マンション等,,41201,佐賀県,佐賀市,鍋島,佐賀,30分?60分,３ＬＤＫ,70,,,,平成9年,ＲＣ,住宅,住宅,,,,第２種住居地域,60.0,200.0,2017年第2四半期,改装済,,7.113943352306837
41001920,中古マンション等,,41201,佐賀県,佐賀市,松原,佐賀,26,２ＤＫ,35,,,,平成4年,ＳＲＣ,住宅,,,,,商業地域,80.0,400.0,2010年第1四半期,改装済,,6.643452676486188
41002286,中古マンション等,,41201,佐賀県,佐賀市,白山,佐賀,15,４ＬＤＫ,100,,,,平成12年,ＲＣ,,住宅,,,,第１種住居地域,60.0,200.0,2021年第4四半期,,,7.2552725051033065
41001407,中古マンション等,,41201,佐賀県,佐賀市,松原,佐賀,28,２ＤＫ,35,,,,平成4年,ＳＲＣ,住宅,住宅,,,,商業地域,80.0,400.0,2014年第2四半期,改装済,,6.740362689494244
41028316,中古マンション等,,41201,佐賀県,佐賀市,新中町,佐賀,16,３ＬＤＫ,65,,,,平成19年,ＲＣ,住宅,,,,,第２種住居地域,60.0,200.0,2007年第4四半期,未改装,,7.278753600952829
41000498,中古マンション等,,41201,佐賀県,佐賀市,新栄東,佐賀,30分?60分,５ＬＤＫ,115,,,,平成11年,ＲＣ,住宅,,,,,第１種中高層住居専用地域,60.0,200.0,2010年第3四半期,未改装,,7.230448921378274
41004354,中古マンション等,,41201,佐賀県,佐賀市,諸富町大字徳富,佐賀,1H30?2H,１Ｋ,25,,,,平成24年,ＲＣ,住宅,住宅,,,,準工業地域,60.0,200.0,2021年第3四半期,改装済,,6.778151250383644
41002747,中古マンション等,,41201,佐賀県,佐賀市,天神,佐賀,8,４ＬＤＫ,75,,,,,ＳＲＣ,,,,,,商業地域,80.0,400.0,2018年第3四半期,,,7.301029995663981
41000749,中古マンション等,,41201,佐賀県,佐賀市,大財,佐賀,14,４ＬＤＫ,85,,,,平成8年,ＳＲＣ,住宅,住宅,,,,第２種住居地域,60.0,200.0,2022年第2四半期,未改装,,7.0
41026424,中古マンション等,,41201,佐賀県,佐賀市,大財,佐賀,16,３ＬＤＫ,70,,,,平成11年,ＳＲＣ,住宅,,,,,商業地域,80.0,400.0,2009年第3四半期,未改装,調停・競売等,6.812913356642856
41020924,中古マンション等,,41202,佐賀県,唐津市,東町,和多田,10,３ＬＤＫ,80,,,,平成14年,ＲＣ,住宅,,,,,第１種住居地域,60.0,200.0,2012年第3四半期,未改装,,6.556302500767287
41024735,中古マンション等,,41201,佐賀県,佐賀市,松原,佐賀,18,,20,,,,昭和60年,ＲＣ,住宅,,,,,商業地域,80.0,400.0,2013年第1四半期,改装済,,6.3222192947339195
41013023,中古マンション等,,41201,佐賀県,佐賀市,兵庫南,佐賀,29,３ＬＤＫ,75,,,,平成15年,ＲＣ,住宅,,,,,第１種住居地域,60.0,200.0,2011年第4四半期,改装済,,7.113943352306837
41000783,中古マンション等,,41201,佐賀県,佐賀市,大財,佐賀,16,４ＬＤＫ,90,,,,平成2年,ＲＣ,住宅,住宅,,,,商業地域,80.0,400.0,2020年第4四半期,改装済,,7.041392685158225
41000740,中古マンション等,,41201,佐賀県,佐賀市,駅南本町,佐賀,7,４ＬＤＫ,85,,,,平成20年,ＳＲＣ,住宅,住宅,,,,商業地域,80.0,400.0,2017年第1四半期,改装済,,7.361727836017593
41018246,中古マンション等,,41201,佐賀県,佐賀市,唐人,佐賀,8,,70,,,,,ＳＲＣ,住宅,住宅,,,,商業地域,80.0,400.0,2015年第2四半期,未改装,,6.845098040014257
41000891,中古マンション等,,41201,佐賀県,佐賀市,開成,佐賀,30分?60分,２ＬＤＫ,85,,,,,ＲＣ,,住宅,,,,準工業地域,60.0,200.0,2019年第3四半期,,,7.204119982655925
41004107,中古マンション等,,41201,佐賀県,佐賀市,松原,佐賀,28,１Ｋ,15,,,,,ＳＲＣ,,住宅,,,,商業地域,80.0,400.0,2021年第2四半期,,,6.361727836017593
41000628,中古マンション等,,41201,佐賀県,佐賀市,八幡小路,佐賀,16,,85,,,,戦前,ＲＣ,住宅,住宅,,,,第１種住居地域,60.0,200.0,2014年第4四半期,未改装,,6.959041392321094
41004208,中古マンション等,,41201,佐賀県,佐賀市,水ヶ江,佐賀,30分?60分,３ＬＤＫ,120,,,,平成12年,ＲＣ,住宅,住宅,,,,近隣商業地域,80.0,200.0,2017年第4四半期,改装済,,7.301029995663981
41003575,中古マンション等,,41201,佐賀県,佐賀市,兵庫北,佐賀,24,４ＬＤＫ,80,,,,平成20年,ＲＣ,住宅,住宅,,,,第１種住居地域,60.0,200.0,2017年第2四半期,未改装,,7.301029995663981
41028314,中古マンション等,,41201,佐賀県,佐賀市,新中町,佐賀,16,３ＬＤＫ,65,,,,平成19年,ＲＣ,住宅,,,,,第２種住居地域,60.0,200.0,2007年第4四半期,未改装,,7.2552725051033065
41018397,中古マンション等,,41201,佐賀県,佐賀市,堀川町,佐賀,25,３ＬＤＫ,80,,,,平成3年,ＳＲＣ,住宅,住宅,,,,商業地域,80.0,400.0,2015年第1四半期,改装済,,6.968482948553935
41000478,中古マンション等,,41201,佐賀県,佐賀市,天神,佐賀,6,３ＬＤＫ,60,,,,平成3年,ＳＲＣ,住宅,,,,,商業地域,80.0,400.0,2014年第1四半期,改装済,,6.9084850188786495
41025004,中古マンション等,,41202,佐賀県,唐津市,松南町,東唐津,3,２ＬＤＫ,75,,,,平成3年,ＳＲＣ,住宅,,,,,第１種中高層住居専用地域,60.0,200.0,2013年第1四半期,改装済,,7.041392685158225
41011330,中古マンション等,,41201,佐賀県,佐賀市,城内,佐賀,29,４ＬＤＫ,75,,,,昭和63年,ＲＣ,住宅,,,,,第１種住居地域,60.0,200.0,2011年第1四半期,改装済,,7.079181246047625
41005201,中古マンション等,,41201,佐賀県,佐賀市,若宮,佐賀,21,３ＬＤＫ,80,,,,平成15年,ＲＣ,住宅,住宅,,,,第２種中高層住居専用地域,60.0,200.0,2019年第2四半期,未改装,調停・競売等,7.146128035678238
41003881,中古マンション等,,41201,佐賀県,佐賀市,堀川町,佐賀,24,４ＬＤＫ,80,,,,平成3年,ＲＣ,住宅,住宅,,,,商業地域,80.0,400.0,2020年第3四半期,未改装,,6.892094602690481
41018866,中古マンション等,,41201,佐賀県,佐賀市,大財,佐賀,14,３ＬＤＫ,70,,,,平成8年,ＲＣ,住宅,住宅,,,,第２種住居地域,60.0,200.0,2016年第3四半期,未改装,,6.929418925714293
41020120,中古マンション等,,41201,佐賀県,佐賀市,松原,佐賀,19,４ＬＤＫ,100,,,,平成13年,ＳＲＣ,住宅,住宅,,,,商業地域,80.0,400.0,2016年第2四半期,未改装,,7.278753600952829
41000590,中古マンション等,,41201,佐賀県,佐賀市,田代,佐賀,30分?60分,４ＬＤＫ,85,,,,昭和64年,ＳＲＣ,住宅,,,,,近隣商業地域,80.0,200.0,2010年第3四半期,改装済,,6.954242509439325
41028285,中古マンション等,,41201,佐賀県,佐賀市,栄町,佐賀,4,２ＤＫ,40,,,,平成2年,ＳＲＣ,住宅,,,,,商業地域,80.0,400.0,2007年第3四半期,,,6.653212513775344
41001393,中古マンション等,,41201,佐賀県,佐賀市,松原,佐賀,28,１Ｋ,15,,,,平成4年,ＳＲＣ,住宅,その他,,,,商業地域,80.0,400.0,2014年第4四半期,未改装,,6.447158031342219
41000328,中古マンション等,,41201,佐賀県,佐賀市,巨勢町,佐賀,30分?60分,３ＬＤＫ,60,,,,平成19年,ＲＣ,住宅,,,,,準工業地域,60.0,200.0,2014年第1四半期,未改装,,7.113943352306837
41002289,中古マンション等,,41201,佐賀県,佐賀市,白山,佐賀,2H?,３ＬＤＫ,65,,,,,,住宅,住宅,,,,商業地域,80.0,400.0,2021年第1四半期,未改装,,6.505149978319906
41018473,中古マンション等,,41201,佐賀県,佐賀市,諸富町大字徳富,佐賀,1H30?2H,１Ｋ,25,,,,平成24年,ＲＣ,住宅,住宅,,,,準工業地域,60.0,200.0,2015年第3四半期,,,6.778151250383644
41019294,中古マンション等,,41201,佐賀県,佐賀市,天神,佐賀,11,４ＬＤＫ,90,,,,平成14年,ＲＣ,住宅,,,,,商業地域,80.0,400.0,2012年第3四半期,改装済,,7.278753600952829
41028257,中古マンション等,,41201,佐賀県,佐賀市,神野東,佐賀,6,３ＬＤＫ,70,,,,平成19年,ＳＲＣ,住宅,,,,,商業地域,80.0,400.0,2008年第3四半期,未改装,,7.204119982655925
41002040,中古マンション等,,41201,佐賀県,佐賀市,神野西,佐賀,9,４ＬＤＫ,95,,,,平成16年,ＲＣ,住宅,,,,,第１種住居地域,60.0,200.0,2020年第3四半期,未改装,,7.3222192947339195
41003546,中古マンション等,,41201,佐賀県,佐賀市,兵庫北,佐賀,18,３ＬＤＫ,65,,,,平成20年,ＲＣ,,住宅,,,,第１種住居地域,60.0,200.0,2021年第4四半期,未改装,,7.230448921378274
41019952,中古マンション等,,41201,佐賀県,佐賀市,八戸溝,鍋島,11,４ＬＤＫ,90,,,,平成12年,ＲＣ,住宅,,,,,第２種中高層住居専用地域,60.0,200.0,2012年第3四半期,未改装,,7.176091259055681
41019977,中古マンション等,,41201,佐賀県,佐賀市,兵庫南,佐賀,26,３ＬＤＫ,85,,,,平成21年,ＲＣ,住宅,住宅,,,,第１種住居地域,60.0,200.0,2016年第4四半期,未改装,,7.2552725051033065
41026547,中古マンション等,,41201,佐賀県,佐賀市,栄町,佐賀,6,２ＤＫ,40,,,,平成2年,ＳＲＣ,住宅,,,,,商業地域,80.0,400.0,2009年第2四半期,未改装,,6.653212513775344
41003736,中古マンション等,,41201,佐賀県,佐賀市,兵庫南,佐賀,30分?60分,４ＬＤＫ,120,,,,平成10年,ＲＣ,住宅,住宅,,,,第２種住居地域,60.0,200.0,2018年第2四半期,未改装,,7.278753600952829
41018166,中古マンション等,,41201,佐賀県,佐賀市,呉服元町,佐賀,21,２ＬＤＫ,55,,,,平成17年,ＲＣ,住宅,その他,,,,商業地域,80.0,400.0,2015年第3四半期,,,7.0
41002017,中古マンション等,,41201,佐賀県,佐賀市,水ヶ江,佐賀,30分?60分,４ＬＤＫ,85,,,,平成12年,ＲＣ,住宅,,,,,近隣商業地域,80.0,200.0,2010年第3四半期,改装済,,7.113943352306837
41026931,中古マンション等,,41202,佐賀県,唐津市,千代田町,唐津,11,３ＬＤＫ,75,,,,平成20年,ＲＣ,住宅,,,,,商業地域,80.0,400.0,2009年第2四半期,未改装,,7.146128035678238
41002252,中古マンション等,,41201,佐賀県,佐賀市,栄町,佐賀,4,２ＤＫ,40,,,,平成2年,ＳＲＣ,住宅,住宅,,,,商業地域,80.0,400.0,2018年第3四半期,未改装,,6.690196080028514
41000815,中古マンション等,,41201,佐賀県,佐賀市,大財,佐賀,16,４ＬＤＫ,80,,,,平成3年,,住宅,住宅,,,,商業地域,80.0,400.0,2018年第1四半期,未改装,,7.041392685158225
41018438,中古マンション等,,41201,佐賀県,佐賀市,松原,佐賀,18,オープンフロア,110,,,,昭和60年,ＲＣ,店舗,店舗,,,,商業地域,80.0,400.0,2015年第4四半期,改装済,,7.041392685158225
41018247,中古マンション等,,41201,佐賀県,佐賀市,唐人,佐賀,9,１Ｋ,25,,,,平成2年,ＲＣ,住宅,住宅,,,,商業地域,80.0,400.0,2015年第2四半期,未改装,,6.380211241711606
41000878,中古マンション等,,41201,佐賀県,佐賀市,兵庫北,佐賀,24,２ＬＤＫ,55,,,,平成20年,ＲＣ,住宅,住宅,,,,第１種住居地域,60.0,200.0,2014年第4四半期,未改装,,7.041392685158225
41000715,中古マンション等,,41201,佐賀県,佐賀市,駅前中央,佐賀,10,４ＬＤＫ,85,,,,平成28年,ＲＣ,,住宅,,,,第２種住居地域,60.0,200.0,2020年第1四半期,改装済,,7.4623979978989565
41019825,中古マンション等,,41201,佐賀県,佐賀市,松原,佐賀,28,３ＬＤＫ,65,,,,平成5年,ＲＣ,住宅,,,,,商業地域,80.0,400.0,2012年第2四半期,未改装,,6.8750612633917
41028261,中古マンション等,,41201,佐賀県,佐賀市,神野東,佐賀,9,２ＬＤＫ,35,,,,昭和59年,鉄骨造,住宅,,,,,商業地域,80.0,400.0,2008年第1四半期,未改装,,6.518513939877887
41028624,中古マンション等,,41201,佐賀県,佐賀市,水ヶ江,佐賀,30分?60分,４ＬＤＫ,85,,,,昭和64年,ＲＣ,住宅,,,,,近隣商業地域,80.0,200.0,2008年第1四半期,未改装,,7.0
41002215,中古マンション等,,41201,佐賀県,佐賀市,呉服元町,鍋島,23,３ＬＤＫ,70,,,,平成17年,ＲＣ,住宅,その他,,,,商業地域,80.0,400.0,2020年第4四半期,未改装,,7.146128035678238
41000769,中古マンション等,,41201,佐賀県,佐賀市,大財,佐賀,18,４ＬＤＫ,95,,,,平成13年,ＲＣ,,住宅,,,,第１種住居地域,60.0,200.0,2021年第3四半期,,,7.380211241711606
41020123,中古マンション等,,41201,佐賀県,佐賀市,松原,佐賀,28,１Ｋ,15,,,,平成5年,ＳＲＣ,住宅,住宅,,,,商業地域,80.0,400.0,2016年第1四半期,未改装,,6.431363764158987
41018862,中古マンション等,,41201,佐賀県,佐賀市,大財,佐賀,13,オープンフロア,35,,,,昭和62年,ＲＣ,店舗,店舗,,,,商業地域,80.0,400.0,2016年第4四半期,改装済,,6.568201724066995
41028578,中古マンション等,,41201,佐賀県,佐賀市,本庄町,佐賀,30分?60分,２ＬＤＫ,70,,,,,ＲＣ,住宅,,,,,第１種中高層住居専用地域,60.0,200.0,2008年第2四半期,未改装,,6.977723605288848
41004165,中古マンション等,,41201,佐賀県,佐賀市,水ヶ江,佐賀,29,３ＬＤＫ,75,,,,平成17年,ＲＣ,住宅,住宅,,,,第２種中高層住居専用地域,60.0,200.0,2020年第2四半期,未改装,,7.204119982655925
41012945,中古マンション等,,41201,佐賀県,佐賀市,兵庫町,佐賀,25,３ＬＤＫ,80,,,,平成20年,ＲＣ,住宅,,,,,第２種住居地域,60.0,200.0,2011年第4四半期,未改装,,7.230448921378274
41024465,中古マンション等,,41201,佐賀県,佐賀市,白山,佐賀,16,,70,,,,平成10年,ＳＲＣ,住宅,,,,,商業地域,80.0,400.0,2013年第2四半期,,,7.113943352306837
41018644,中古マンション等,,41201,佐賀県,佐賀市,鬼丸町,佐賀,8,３ＬＤＫ,80,,,,平成18年,ＲＣ,住宅,,,,,第１種中高層住居専用地域,60.0,200.0,2012年第1四半期,未改装,,7.301029995663981
41000713,中古マンション等,,41201,佐賀県,佐賀市,駅前中央,佐賀,6,４ＬＤＫ,85,,,,平成16年,ＳＲＣ,住宅,住宅,,,,商業地域,80.0,500.0,2021年第1四半期,未改装,,7.3222192947339195
41024464,中古マンション等,,41201,佐賀県,佐賀市,白山,佐賀,15,２ＬＤＫ,60,,,,平成10年,ＳＲＣ,住宅,,,,,商業地域,80.0,400.0,2013年第2四半期,改装済,,6.954242509439325
41003886,中古マンション等,,41201,佐賀県,佐賀市,堀川町,佐賀,25,３ＬＤＫ,55,,,,平成3年,ＳＲＣ,住宅,住宅,,,,商業地域,80.0,400.0,2019年第1四半期,未改装,,6.812913356642856
41000065,中古マンション等,,41201,佐賀県,佐賀市,愛敬町,佐賀,8,３ＬＤＫ,75,,,,昭和62年,ＳＲＣ,住宅,,,,,商業地域,80.0,400.0,2010年第1四半期,改装済,,6.944482672150168
41006325,中古マンション等,,41202,佐賀県,唐津市,千代田町,唐津,13,４ＬＤＫ,80,,,,平成25年,ＲＣ,住宅,住宅,,,,商業地域,80.0,400.0,2018年第2四半期,改装済,,7.361727836017593
41028599,中古マンション等,,41201,佐賀県,佐賀市,松原,佐賀,26,２ＤＫ,35,,,,平成4年,ＳＲＣ,住宅,,,,,商業地域,80.0,400.0,2008年第4四半期,未改装,,6.6020599913279625
41002365,中古マンション等,,41201,佐賀県,佐賀市,新中町,佐賀,18,３ＬＤＫ,75,,,,平成19年,ＲＣ,住宅,住宅,,,,第２種住居地域,60.0,200.0,2021年第2四半期,未改装,,7.2552725051033065
41026416,中古マンション等,,41201,佐賀県,佐賀市,駅南本町,,,,75,,,,,ＳＲＣ,住宅,,,,,,,,2009年第1四半期,,,7.146128035678238
41020875,中古マンション等,,41202,佐賀県,唐津市,紺屋町,唐津,1,３ＬＤＫ,70,,,,昭和63年,ＲＣ,住宅,住宅,,,,商業地域,80.0,400.0,2016年第4四半期,,,7.041392685158225
41028310,中古マンション等,,41201,佐賀県,佐賀市,新中町,佐賀,16,４ＬＤＫ,85,,,,平成19年,ＲＣ,住宅,,,,,第２種住居地域,60.0,200.0,2008年第2四半期,未改装,,7.380211241711606
